,gene,best_fit
2,1110017D15Rik,other
3,1110032A03Rik,other
5,1110051M20Rik,other
6,1110059G10Rik,other
8,1700003F12Rik,other
9,1700010I14Rik,other
16,1810055G02Rik,other
17,2210016F16Rik,other
24,2610507B11Rik,other
26,2700081O15Rik,other
31,4930453N24Rik,other
38,9130008F23Rik,other
40,A430033K04Rik,other
41,AB124611,other
42,AI413582,other
43,Aak1,other
44,Aamp,other
45,Aar2,other
50,Abcb6,other
54,Abcd2,other
56,Abhd10,other
61,Abt1,other
66,Acads,other
67,Acadvl,other
68,Acap1,other
70,Acnat1,other
71,Acot10,other
76,Actr3,other
77,Actr6,other
80,Acyp1,other
83,Adam15,other
85,Adck2,other
90,Adgrb2,other
91,Adgrd1,other
92,Adgrg5,other
106,Agfg1,other
111,Agps,other
119,Akap9,other
120,Akr7a5,other
121,Alas1,other
124,Ammecr1l,other
125,Amn,other
127,Amz2,other
131,Ankrd13a,other
135,Ankrd44,other
136,Ankrd46,other
139,Ankrd54,other
140,Ankrd55,other
141,Ano6,other
147,Ap5m1,other
148,Apex1,other
150,Apln,other
151,Aplp2,other
152,Apoc4,other
153,Apoe,other
154,Apof,other
155,Apol9a,other
163,Arfgef2,other
164,Arfrp1,other
165,Arglu1,other
168,Arhgap9,other
169,Arhgef1,other
174,Arid5a,other
180,Arl4d,other
182,Arl5c,other
183,Arl6ip5,other
184,Arl6ip6,other
185,Armcx2,other
187,Armcx4,other
191,Arrdc1,other
194,Arxes2,other
200,Aspscr1,other
202,Aste1,other
203,Atad2b,other
204,Atad3a,other
205,Atcay,other
207,Atf3,other
210,Atg16l2,other
215,Atp1a3,other
217,Atp2a3,other
221,Atp6v0d1,other
225,Atp6v1g1,other
226,Atp9a,other
228,Atrip,other
232,Atxn3,other
233,Atxn7l3,other
234,Atxn7l3b,other
235,Auh,other
239,Axin1,other
241,Aym1,other
244,B230307C23Rik,other
248,B4galnt1,other
251,B4galt4,other
252,B4gat1,other
253,BC003965,other
260,Bcas3,other
271,Bdh1,other
273,Bet1l,other
278,Bicdl1,other
279,Bicral,other
280,Bin1,other
284,Bloc1s1,other
292,Bricd5,other
296,Bsdc1,other
298,Btbd2,other
299,Btbd9,other
300,Btd,other
302,Btg2,other
304,Bud23,other
306,Bysl,other
307,Bzw2,other
310,C1qbp,other
312,C9orf72,other
313,Cacna1d,other
314,Cacna1g,other
315,Cacnb3,other
317,Cacul1,other
318,Cacybp,other
324,Car1,other
326,Carmil2,other
330,Cask,other
337,Cbx2,other
338,Cbx7,other
343,Ccdc173,other
345,Ccdc66,other
350,Cckar,other
354,Ccn4,other
357,Ccnh,other
358,Ccni,other
360,Ccr3,other
363,Ccsap,other
364,Cct4,other
366,Cd164,other
369,Cd247,other
382,Cd84,other
384,Cdadc1,other
385,Cdc14b,other
386,Cdc16,other
387,Cdc23,other
390,Cdc42ep3,other
391,Cdc42se2,other
392,Cdca4,other
393,Cdk14,other
399,Cdr2,other
402,Cebpd,other
409,Cep162,other
416,Cep85l,other
419,Ces2b,other
423,Cfap77,other
425,Cgrrf1,other
427,Chd4,other
428,Chd7,other
429,Chic1,other
434,Chrac1,other
435,Chrnb4,other
436,Chrne,other
440,Churc1,other
443,Cish,other
445,Cldnd2,other
446,Clec11a,other
447,Clec2d,other
448,Clec2i,other
450,Cln3,other
462,Cnppd1,other
466,Col15a1,other
467,Col5a3,other
472,Cops7a,other
476,Coq5,other
482,Cpne7,other
483,Cpsf3,other
486,Cramp1l,other
495,Crybg1,other
497,Csf2rb2,other
499,Csrp2,other
500,Csrp3,other
501,Cstf1,other
502,Ctdspl,other
504,Ctnnbip1,other
505,Ctnnbl1,other
506,Ctsc,other
512,Cuedc2,other
517,Cutc,other
520,Cxcl2,other
524,Cxxc5,other
525,Cyb561a3,other
529,Cyp27a1,other
531,Cystm1,other
532,D030056L22Rik,other
535,D3Ertd751e,other
537,D630003M21Rik,other
539,Daam1,other
545,Dazap1,other
549,Dcaf8,other
553,Ddit3,other
558,Ddx56,other
559,Ddx58,other
561,Defa2,other
567,Denr,other
568,Derl3,other
569,Dffa,other
570,Dffb,other
574,Dgkz,other
575,Dglucy,other
576,Dhx16,other
577,Dhx33,other
579,Diaph1,other
582,Dip2b,other
588,Dlgap2,other
590,Dmrta1,other
595,Dnaja4,other
599,Dnajc10,other
600,Dnajc12,other
601,Dnajc2,other
603,Dnm2,other
606,Dnpep,other
607,Dock10,other
617,Dusp10,other
619,Dusp16,other
620,Dusp22,other
623,Dusp8,other
625,Dync2h1,other
627,Dzip3,other
629,E2f6,other
633,Ecsit,other
634,Edem1,other
635,Edem3,other
637,Eefsec,other
638,Efcab14,other
639,Efemp2,other
640,Efnb1,other
647,Eif2ak3,other
648,Eif2ak4,other
649,Eif2b3,other
650,Eif3e,other
651,Eif3g,other
658,Elac2,other
665,Emp3,other
669,Entpd7,other
672,Ep400,other
675,Ephb6,other
677,Eps8,other
682,Eri2,other
683,Erich1,other
684,Erich3,other
686,Ero1lb,other
688,Esd,other
691,Esyt2,other
694,Ets1,other
695,Ets2,other
698,Exoc2,other
700,Exoc4,other
705,Ext1,other
707,Extl3,other
708,Ezr,other
712,Fabp4,other
713,Fabp7,other
721,Fam168b,other
723,Fam207a,other
726,Fam32a,other
733,Fbxl2,other
734,Fbxo11,other
736,Fbxo3,other
739,Fbxo34,other
740,Fbxo6,other
742,Fbxw9,other
743,Fdx2,other
744,Fech,other
747,Fgf13,other
752,Fhl3,other
765,Fmc1,other
766,Fn1,other
769,Fndc3a,other
770,Fopnl,other
778,Frs3,other
786,Fzd5,other
787,G3bp2,other
788,Gaa,other
790,Gabarapl2,other
791,Gabpa,other
794,Gabrr2,other
797,Galm,other
800,Galnt2,other
802,Galnt9,other
808,Gata3,other
809,Gatad1,other
811,Gbp4,other
812,Gbp9,other
813,Gcdh,other
817,Gdf11,other
819,Gemin8,other
828,Git2,other
829,Gjb4,other
833,Gldc,other
834,Glg1,other
835,Glmn,other
841,Gm10654,other
843,Gm12253,other
844,Gm13103,other
846,Gm2888,other
847,Gm3250,other
848,Gm4070,other
850,Gm45837,other
852,Gm49359,other
853,Gm5617,other
856,Gm9573,other
864,Gnb4,other
865,Gnb5,other
867,Gng13,other
874,Gnpda1,other
875,Gnpda2,other
882,Gon4l,other
886,Gpalpp1,other
887,Gpank1,other
888,Gpat3,other
890,Gpatch2l,other
893,Gpd2,other
896,Gpn3,other
897,Gpr132,other
901,Gpr171,other
904,Gpr65,other
906,Gprc5c,other
908,Gps2,other
914,Grcc10,other
915,Gria3,other
916,Gripap1,other
918,Grsf1,other
920,Gsk3b,other
921,Gskip,other
923,Gss,other
924,Gstm1,other
928,Gtf2h3,other
929,Gtf2ird1,other
930,Gtf3c4,other
932,Guf1,other
938,H1f3,other
947,Hacd2,other
948,Hace1,other
949,Hacl1,other
954,Hcst,other
958,Hdac7,other
960,Hdgfl2,other
964,Heatr5b,other
974,Hes6,other
975,Hes7,other
977,Hexim1,other
984,Hint2,other
985,Hint3,other
988,Hivep3,other
993,Hmgcl,other
994,Hmgn1,other
997,Hook1,other
999,Hook3,other
1006,Hps6,other
1014,Hspbp1,other
1016,Hus1b,other
1017,Hvcn1,other
1018,Hyls1,other
1019,Iah1,other
1020,Iars,other
1029,Ier2,other
1030,Ier3,other
1033,Iffo1,other
1035,Ifi206,other
1036,Ifi209,other
1037,Ifi35,other
1038,Ifi47,other
1041,Ifit3,other
1042,Ifit3b,other
1053,Igfbp7,other
1055,Iigp1,other
1059,Il1rap,other
1060,Il2,other
1063,Il2ra,other
1066,Ilk,other
1068,Ilvbl,other
1072,Ing3,other
1074,Inip,other
1077,Ino80d,other
1080,Insyn2a,other
1081,Ints11,other
1082,Ints5,other
1085,Ipo11,other
1086,Ipo4,other
1087,Ipp,other
1089,Irf2bp2,other
1091,Irf5,other
1092,Irf9,other
1095,Iscu,other
1096,Isg20l2,other
1098,Isx,other
1099,Isy1,other
1100,Itch,other
1101,Itga7,other
1102,Itgae,other
1105,Itgb8,other
1110,Itsn2,other
1113,Jak3,other
1114,Jaml,other
1115,Jun,other
1117,Kansl1,other
1124,Kcnip3,other
1128,Kctd17,other
1130,Kctd20,other
1131,Kctd3,other
1141,Klc3,other
1149,Klhdc10,other
1159,Klre1,other
1162,Kpna4,other
1163,Kremen1,other
1164,Krit1,other
1166,Krtap4-16,other
1170,Lamc3,other
1177,Lce1a1,other
1178,Lce1a2,other
1182,Ldlrad4,other
1183,Leng9,other
1191,Lims1,other
1196,Lmbr1l,other
1204,Lrrc57,other
1205,Lrrc75b,other
1206,Lrrc8a,other
1212,Lrrk1,other
1219,Ly9,other
1224,Mab21l2,other
1228,Magee2,other
1234,Malsu1,other
1236,Maml3,other
1237,Manbal,other
1238,Mansc4,other
1239,Map11,other
1242,Map2,other
1245,Map3k14,other
1246,Map3k15,other
1247,Map4,other
1248,Map4k4,other
1249,Map6,other
1250,Mapk14,other
1252,Mapk8,other
1255,Mark2,other
1258,Mbl2,other
1260,Mboat1,other
1261,Mboat7,other
1262,Mcidas,other
1264,Mcm7,other
1267,Mdc1,other
1272,Med20,other
1274,Med25,other
1275,Med27,other
1279,Med9,other
1281,Mef2c,other
1283,Mepce,other
1291,Mfap1b,other
1292,Mfap3,other
1297,Mfsd6,other
1298,Mfsd7a,other
1304,Mindy2,other
1309,Mlh1,other
1311,Mllt1,other
1312,Mllt11,other
1313,Mllt3,other
1314,Mlxip,other
1315,Mmab,other
1320,Mob4,other
1321,Mocos,other
1322,Mocs2,other
1323,Mocs3,other
1328,Mphosph9,other
1329,Mpnd,other
1330,Mpp1,other
1334,Mrc1,other
1337,Mrpl23,other
1340,Mrpl33,other
1342,Mrpl44,other
1345,Mrps2,other
1346,Mrps26,other
1347,Mrps28,other
1354,Ms4a6c,other
1356,Msc,other
1357,Msh2,other
1358,Msh3,other
1360,Msl3l2,other
1361,Mta3,other
1370,Mtm1,other
1371,Mtmr10,other
1373,Mtmr4,other
1374,Mtor,other
1375,Mtres1,other
1378,Mxd4,other
1379,Mxi1,other
1380,Mxra8,other
1382,Mycbp,other
1383,Myh7b,other
1386,Mymk,other
1388,Myo3b,other
1389,Mypop,other
1391,N4bp2l2,other
1395,Naglu,other
1397,Naip6,other
1400,Napg,other
1403,Nat2,other
1405,Naxe,other
1408,Nck1,other
1409,Nckap1,other
1415,Ndfip2,other
1417,Ndst2,other
1422,Neb,other
1423,Nebl,other
1424,Nedd1,other
1426,Nedd9,other
1428,Nek4,other
1430,Nek8,other
1431,Nelfb,other
1436,Neurog2,other
1437,Nfat5,other
1447,Nifk,other
1452,Nkapd1,other
1453,Nle1,other
1460,Noc2l,other
1461,Nol11,other
1464,Nol9,other
1466,Nop56,other
1467,Notch2,other
1470,Nr1d2,other
1476,Nrg1,other
1478,Nrros,other
1480,Nsun4,other
1482,Nt5c3,other
1486,Nub1,other
1488,Nudcd2,other
1492,Nudt3,other
1494,Nup210,other
1495,Nup214,other
1496,Nup50,other
1501,Oasl2,other
1506,Ola1,other
1507,Olfr122,other
1508,Olfr1349,other
1512,Olfr370,other
1514,Olfr60,other
1517,Olfr796,other
1519,Omg,other
1525,Os9,other
1526,Osbp,other
1528,Osbpl11,other
1530,Osbpl9,other
1532,Osgepl1,other
1538,Ovol2,other
1543,Pafah1b1,other
1552,Parp14,other
1553,Parp3,other
1554,Parp4,other
1560,Pccb,other
1565,Pcsk1,other
1569,Pdcl,other
1573,Pdlim7,other
1574,Pdp2,other
1584,Pex13,other
1585,Pex16,other
1590,Pfkm,other
1591,Pfn4,other
1597,Pgrmc1,other
1600,Phf1,other
1610,Phyh,other
1612,Pigl,other
1619,Pikfyve,other
1620,Pilra,other
1624,Pip4p1,other
1627,Pkig,other
1629,Plcg1,other
1632,Pld3,other
1636,Plekhg3,other
1640,Plgrkt,other
1644,Pln,other
1645,Plpp7,other
1648,Pml,other
1649,Pnisr,other
1652,Pnpla8,other
1656,Pole2,other
1659,Poll,other
1663,Polr1e,other
1666,Polr3c,other
1673,Pou6f1,other
1675,Ppan,other
1676,Ppcdc,other
1678,Ppid,other
1684,Ppp1r15a,other
1686,Ppp1r16b,other
1688,Ppp1r2,other
1690,Ppp1r35,other
1692,Ppp1r3e,other
1696,Ppp2r5e,other
1697,Ppp3ca,other
1699,Ppp4r3b,other
1703,Prdm15,other
1707,Prf1,other
1711,Prkcq,other
1715,Prkrip1,other
1719,Prorsd1,other
1721,Prpf3,other
1723,Prpf40a,other
1726,Prrt1,other
1727,Prss34,other
1737,Ptch1,other
1742,Ptges2,other
1745,Ptpre,other
1750,Pum3,other
1751,Purb,other
1754,Qdpr,other
1757,R3hcc1,other
1759,R3hdm2,other
1763,Rab11fip3,other
1764,Rab28,other
1765,Rab29,other
1766,Rab40c,other
1770,Rabif,other
1771,Rabl6,other
1773,Rad23a,other
1777,Ralbp1,other
1781,Rap1b,other
1788,Rb1,other
1790,Rbks,other
1791,Rbl2,other
1796,Rbm38,other
1797,Rbm41,other
1798,Rbm45,other
1799,Rbm6,other
1804,Rcan1,other
1811,Rdh11,other
1814,Rec8,other
1815,Reck,other
1816,Recql5,other
1817,Resf1,other
1821,Rfesd,other
1822,Rfx7,other
1831,Rhbdf2,other
1833,Rheb,other
1838,Rhog,other
1841,Rin1,other
1844,Ripk1,other
1845,Ripor2,other
1847,Rit1,other
1848,Rmdn3,other
1855,Rnasek,other
1857,Rnaset2b,other
1860,Rnf11,other
1864,Rnf13,other
1866,Rnf138,other
1871,Rnf213,other
1872,Rnf215,other
1875,Rnf44,other
1877,Rnls,other
1878,Rnpc3,other
1883,Rpf1,other
1889,Rpl18a,other
1894,Rpl35,other
1900,Rplp1,other
1905,Rps16,other
1913,Rptor,other
1916,Rrp12,other
1923,Rundc1,other
1924,Rundc3b,other
1925,Runx1,other
1927,Rxrb,other
1933,Samd3,other
1936,Samhd1,other
1941,Sar1a,other
1942,Saraf,other
1946,Sbds,other
1949,Scap,other
1950,Scarf2,other
1952,Scfd1,other
1955,Scn1b,other
1956,Scoc,other
1958,Sdad1,other
1963,Sec14l2,other
1968,Selenom,other
1969,Selenoo,other
1973,Senp3,other
1975,Septin6,other
1978,Serinc1,other
1980,Serpinb9b,other
1985,Setdb1,other
1987,Sfpq,other
1988,Sgcb,other
1989,Sgip1,other
1991,Sgpp2,other
1995,Sh2d2a,other
1997,Sh3gl1,other
1998,Sh3gl3,other
2001,Shld1,other
2002,Shq1,other
2005,Sidt2,other
2007,Sike1,other
2008,Simc1,other
2013,Slc10a7,other
2014,Slc12a9,other
2015,Slc16a4,other
2016,Slc16a9,other
2022,Slc25a36,other
2026,Slc25a51,other
2029,Slc28a2,other
2030,Slc30a6,other
2031,Slc30a9,other
2032,Slc32a1,other
2035,Slc35d2,other
2038,Slc37a1,other
2039,Slc37a2,other
2042,Slc39a4,other
2044,Slc41a2,other
2047,Slc4a9,other
2051,Slc7a10,other
2055,Slco3a1,other
2061,Slx4,other
2062,Slx4ip,other
2065,Smc3,other
2067,Smc5,other
2069,Smchd1,other
2073,Smg9,other
2074,Smim10l2a,other
2079,Smpdl3a,other
2083,Snap47,other
2085,Snrk,other
2087,Sntg2,other
2088,Snx11,other
2089,Snx13,other
2097,Sos1,other
2099,Sox15,other
2100,Sp1,other
2101,Sp2,other
2105,Spag9,other
2109,Spats2,other
2111,Sphk2,other
2117,Sprr2d,other
2119,Spry2,other
2125,Srebf2,other
2126,Srek1,other
2127,Srek1ip1,other
2132,Srp19,other
2135,Srpr,other
2137,Srsf10,other
2145,St3gal6,other
2147,Stat1,other
2148,Stat6,other
2151,Stimate,other
2152,Stk10,other
2153,Stk24,other
2161,Stub1,other
2164,Stx5a,other
2168,Sucla2,other
2169,Suclg1,other
2170,Suco,other
2171,Sugt1,other
2174,Sumf2,other
2177,Surf6,other
2180,Sv2c,other
2187,Synj1,other
2189,Synrg,other
2195,Taf13,other
2197,Taf1b,other
2200,Taf7,other
2208,Tatdn2,other
2211,Tbc1d16,other
2213,Tbc1d2b,other
2216,Tbcd,other
2217,Tbl1x,other
2223,Tcte3,other
2225,Tctn2,other
2226,Tead4,other
2227,Tec,other
2228,Tedc2,other
2229,Tefm,other
2234,Tes,other
2235,Tesc,other
2238,Tex2,other
2239,Tex264,other
2240,Tex9,other
2241,Tfip11,other
2250,Thoc7,other
2251,Thpo,other
2252,Thrap3,other
2253,Thtpa,other
2259,Timeless,other
2265,Tinf2,other
2268,Tlcd2,other
2269,Tle6,other
2270,Tlk1,other
2271,Tln1,other
2279,Tmem131,other
2280,Tmem138,other
2284,Tmem158,other
2285,Tmem160,other
2288,Tmem170,other
2292,Tmem177,other
2295,Tmem185a,other
2298,Tmem217,other
2304,Tmem267,other
2305,Tmem273,other
2307,Tmem37,other
2310,Tmem43,other
2316,Tmprss13,other
2317,Tmsb10,other
2319,Tmtc4,other
2320,Tmx4,other
2325,Tnfrsf14,other
2326,Tnfrsf17,other
2327,Tnfrsf1a,other
2339,Tomm34,other
2341,Top2b,other
2342,Tor1b,other
2348,Tpr,other
2349,Tprkb,other
2352,Tradd,other
2354,Traf3ip1,other
2355,Trak1,other
2357,Trappc10,other
2358,Trappc11,other
2361,Trappc8,other
2363,Trf,other
2367,Trim23,other
2369,Trim3,other
2373,Trim59,other
2375,Triml1,other
2377,Trip4,other
2380,Trmt13,other
2382,Trnp1,other
2384,Trp53inp2,other
2385,Trpc4ap,other
2389,Tsc1,other
2391,Tsen2,other
2392,Tsen54,other
2393,Tspan13,other
2394,Tspan14,other
2396,Tspyl1,other
2397,Tspyl3,other
2398,Tspyl4,other
2399,Tsr1,other
2400,Tsr2,other
2402,Tssc4,other
2407,Ttc33,other
2409,Ttc5,other
2410,Ttc7b,other
2414,Tuba4a,other
2418,Twist1,other
2421,Txndc15,other
2426,U2af2,other
2427,Uba7,other
2431,Ubash3a,other
2435,Ube2f,other
2438,Ube2r2,other
2443,Ubl7,other
2447,Uchl3,other
2457,Upf3b,other
2459,Uqcrfs1,other
2463,Usf3,other
2464,Usp17lb,other
2466,Usp25,other
2471,Usp38,other
2475,Usp8,other
2481,Utp23,other
2483,Uvrag,other
2486,Vgll4,other
2490,Vps13a,other
2493,Vps33b,other
2505,Wbp1l,other
2506,Wbp2,other
2507,Wdr18,other
2509,Wdr31,other
2518,Wdr82,other
2520,Wdr89,other
2523,Wipf2,other
2524,Wipf3,other
2526,Wt1,other
2528,Xbp1,other
2532,Xlr4a,other
2536,Xrn1,other
2540,Ybx2,other
2542,Yes1,other
2544,Yipf6,other
2545,Ythdc1,other
2546,Zbp1,other
2552,Zbtb43,other
2555,Zc2hc1a,other
2558,Zc3hav1,other
2559,Zc3hav1l,other
2560,Zc4h2,other
2562,Zcrb1,other
2566,Zfp101,other
2568,Zfp131,other
2573,Zfp266,other
2575,Zfp280b,other
2576,Zfp280c,other
2580,Zfp358,other
2583,Zfp36l1,other
2586,Zfp40,other
2588,Zfp444,other
2599,Zfp599,other
2607,Zfp759,other
2615,Zfp850,other
2620,Zfp94,other
2626,Zfp988,other
2627,Zfyve28,other
2628,Zhx2,other
2629,Zmat5,other
2632,Zmynd8,other
2639,Zzef1,other
2798,Aqp9,other
2802,Arap2,other
2808,Arhgap17,other
2810,Arhgap31,other
2852,Atg10,other
2910,Bcl2l11,other
2915,Bclaf3,other
2923,Bfar,other
2928,Bid,other
2936,Borcs6,other
2991,Ccdc130,other
3011,Ccnyl1,other
3150,Csnk1g3,other
3159,Ctr9,other
3207,Ddx18,other
3283,Eaf1,other
3378,Fam222a,other
3459,Gas1,other
3544,Gpatch8,other
3579,Gsto1,other
3585,Gtf3a,other
3639,Higd1a,other
3685,Idi1,other
3943,Mettl5,other
3960,Minpp1,other
3971,Mlxipl,other
4003,Mrps24,other
4027,Mthfsd,other
4033,Mtmr6,other
4113,Nkrf,other
4122,Noct,other
4234,Pde8a,other
4312,Pnma1,other
4382,Prorp,other
4398,Psme4,other
4408,Ptov1,other
4419,Pvrig,other
4435,Rab5if,other
4455,Rassf1,other
4459,Rbck1,other
4550,Rp2,other
4571,Rprd1a,other
4633,Sec24a,other
4684,Slc15a2,other
4782,Spin1,other
4783,Spin4,other
4847,Sun2,other
4914,Tfb2m,other
4932,Thyn1,other
4978,Tmem254a,other
5001,Tnfrsf13b,other
5017,Tomm5,other
5045,Trim25,other
5059,Trnau1ap,other
5099,Txndc11,other
5134,Ung,other
5210,Xkr8,other
5226,Ywhaq,other
5232,Zbtb41,other
5284,Zfp64,other
1,1110012L19Rik,gamma
10,1700017B05Rik,gamma
11,1700019D03Rik,gamma
12,1700020L24Rik,gamma
13,1700025G04Rik,gamma
15,1810009J06Rik,gamma
18,2310033P09Rik,gamma
21,2610001J05Rik,gamma
22,2610002M06Rik,gamma
30,4921524J17Rik,gamma
32,4930486L24Rik,gamma
34,4931406C07Rik,gamma
35,5430427O19Rik,gamma
36,6330403K07Rik,gamma
37,9030624G23Rik,gamma
39,9130023H24Rik,gamma
47,Aatf,gamma
51,Abcc3,gamma
55,Abce1,gamma
60,Abraxas1,gamma
63,Acaa2,gamma
65,Acadm,gamma
69,Acat1,gamma
72,Acot9,gamma
73,Acox1,gamma
74,Acsl3,gamma
79,Actrt3,gamma
82,Adal,gamma
86,Adcy7,gamma
87,Add1,gamma
89,Adgra1,gamma
94,Adh4,gamma
98,Adm2,gamma
101,Adprm,gamma
102,Adrb1,gamma
104,Aftph,gamma
105,Agap3,gamma
107,Agk,gamma
109,Ago1,gamma
110,Ago2,gamma
112,Agtpbp1,gamma
113,Ahcyl2,gamma
118,Akap5,gamma
123,Alkbh8,gamma
128,Anapc10,gamma
133,Ankrd26,gamma
134,Ankrd34a,gamma
137,Ankrd49,gamma
138,Ankrd50,gamma
143,Ap2a2,gamma
144,Ap3b2,gamma
145,Ap3m1,gamma
156,App,gamma
157,Aqp5,gamma
158,Aqr,gamma
159,Ar,gamma
160,Arap1,gamma
166,Arhgap26,gamma
167,Arhgap35,gamma
170,Arhgef7,gamma
177,Arl13b,gamma
178,Arl14ep,gamma
181,Arl5b,gamma
186,Armcx3,gamma
188,Arntl,gamma
190,Arpc5l,gamma
192,Arrdc3,gamma
197,Asb2,gamma
198,Ascl2,gamma
206,Atf2,gamma
209,Atg13,gamma
211,Atg5,gamma
218,Atp5e,gamma
219,Atp5h,gamma
220,Atp5md,gamma
240,Axin2,gamma
242,Azi2,gamma
247,B3gnt5,gamma
255,Bace2,gamma
256,Bach1,gamma
257,Bad,gamma
258,Bag3,gamma
259,Bbs12,gamma
261,Bckdhb,gamma
263,Bcl2a1c,gamma
264,Bcl2a1d,gamma
268,Bclaf1,gamma
269,Bcr,gamma
270,Bcs1l,gamma
272,Bet1,gamma
276,Bhlhb9,gamma
283,Bivm,gamma
285,Bmp7,gamma
287,Bpgm,gamma
291,Brd7,gamma
293,Brms1l,gamma
294,Brpf1,gamma
295,Brpf3,gamma
303,Btg3,gamma
308,C030006K11Rik,gamma
316,Cactin,gamma
319,Cadm1,gamma
322,Camk2n1,gamma
323,Camp,gamma
325,Carm1,gamma
327,Cars,gamma
329,Casc4,gamma
331,Casp1,gamma
334,Cbl,gamma
336,Cbll1,gamma
339,Ccar1,gamma
340,Ccdc117,gamma
341,Ccdc134,gamma
342,Ccdc137,gamma
346,Ccdc69,gamma
348,Ccdc82,gamma
349,Ccdc91,gamma
353,Ccl5,gamma
355,Ccnb1ip1,gamma
356,Ccng2,gamma
361,Ccr6,gamma
362,Ccr9,gamma
367,Cd2,gamma
371,Cd320,gamma
373,Cd3e,gamma
374,Cd4,gamma
375,Cd40lg,gamma
376,Cd44,gamma
377,Cd47,gamma
388,Cdc26,gamma
389,Cdc42,gamma
394,Cdk19,gamma
395,Cdk5rap1,gamma
397,Cdk8,gamma
401,Cebpb,gamma
403,Cebpz,gamma
404,Cela1,gamma
405,Cenpj,gamma
408,Cep135,gamma
412,Cep19,gamma
413,Cep295,gamma
415,Cep57l1,gamma
418,Cers6,gamma
421,Cfap157,gamma
422,Cfap36,gamma
430,Chic2,gamma
432,Chmp5,gamma
433,Chpf,gamma
441,Ciao1,gamma
444,Cldn19,gamma
460,Cnot6l,gamma
461,Cnp,gamma
463,Cnpy2,gamma
469,Commd6,gamma
473,Cops9,gamma
475,Coq2,gamma
477,Coq6,gamma
478,Cox10,gamma
479,Cox11,gamma
480,Cpeb2,gamma
481,Cplane1,gamma
484,Cpt2,gamma
485,Cr1l,gamma
487,Crbn,gamma
489,Creb5,gamma
490,Crem,gamma
491,Crk,gamma
492,Crot,gamma
493,Crtam,gamma
494,Crtap,gamma
496,Csf2ra,gamma
498,Csrnp1,gamma
503,Ctla2a,gamma
507,Ctsg,gamma
510,Ctu2,gamma
511,Ctxn1,gamma
515,Cul4b,gamma
518,Cwc22,gamma
519,Cwc25,gamma
522,Cxcr5,gamma
523,Cxcr6,gamma
530,Cyp4v3,gamma
533,D11Wsu47e,gamma
554,Ddx28,gamma
555,Ddx31,gamma
557,Ddx49,gamma
560,Def6,gamma
562,Defb25,gamma
564,Dennd1b,gamma
578,Dhx40,gamma
584,Dkc1,gamma
587,Dlg5,gamma
591,Dnaaf4,gamma
592,Dnaaf5,gamma
594,Dnaja3,gamma
596,Dnajb1,gamma
597,Dnajb13,gamma
608,Dph5,gamma
611,Dtwd1,gamma
612,Dtx4,gamma
613,Dus1l,gamma
616,Dusp1,gamma
621,Dusp3,gamma
626,Dynlt3,gamma
628,E130311K13Rik,gamma
631,Eci1,gamma
636,Eef1akmt2,gamma
641,Efnb2,gamma
642,Efr3a,gamma
645,Ehmt1,gamma
646,Eid1,gamma
655,Eif4ebp2,gamma
656,Eif5b,gamma
657,Elac1,gamma
660,Eloa,gamma
661,Elovl5,gamma
662,Elovl6,gamma
663,Elp1,gamma
667,Enpp2,gamma
673,Epb41l2,gamma
674,Epb41l5,gamma
678,Eral1,gamma
680,Erc1,gamma
689,Esf1,gamma
690,Esm1,gamma
693,Ethe1,gamma
696,Etv3,gamma
697,Evi2,gamma
699,Exoc3,gamma
701,Exoc5,gamma
704,Exosc7,gamma
706,Ext2,gamma
709,F2r,gamma
711,Faah,gamma
718,Fam126b,gamma
722,Fam204a,gamma
725,Fam241b,gamma
727,Fam3b,gamma
728,Fam43a,gamma
730,Fasl,gamma
732,Fau,gamma
735,Fbxo25,gamma
737,Fbxo30,gamma
748,Fgf16,gamma
749,Fgf18,gamma
750,Fgf2,gamma
753,Fibp,gamma
754,Fig4,gamma
757,Fiz1,gamma
758,Fkrp,gamma
760,Flg,gamma
761,Flot1,gamma
763,Flt3,gamma
764,Flywch2,gamma
768,Fnbp1l,gamma
777,Frs2,gamma
779,Fth1,gamma
780,Ftsj3,gamma
781,Fubp1,gamma
782,Fundc1,gamma
789,Gabarap,gamma
793,Gabpb2,gamma
796,Gadd45gip1,gamma
803,Gamt,gamma
804,Gan,gamma
805,Gapvd1,gamma
806,Gas6,gamma
807,Gas7,gamma
815,Gcnt1,gamma
816,Gdf10,gamma
820,Gfer,gamma
825,Gimap7,gamma
826,Gin1,gamma
830,Gjd3,gamma
832,Glce,gamma
837,Gls,gamma
838,Glt28d2,gamma
839,Glul,gamma
849,Gm43951,gamma
851,Gm47985,gamma
855,Gm6712,gamma
858,Gmfg,gamma
860,Gna12,gamma
862,Gna15,gamma
869,Gngt2,gamma
872,Gnl3,gamma
873,Gnpat,gamma
881,Golph3,gamma
883,Gopc,gamma
889,Gpatch1,gamma
895,Gpn1,gamma
898,Gpr137b,gamma
900,Gpr155,gamma
903,Gpr52,gamma
905,Gpr68,gamma
907,Gprin3,gamma
910,Gramd1c,gamma
917,Grk6,gamma
919,Gsdme,gamma
922,Gspt2,gamma
931,Gtf3c6,gamma
934,Gxylt1,gamma
935,Gypc,gamma
936,H1f0,gamma
940,H2-M3,gamma
941,H2-Q2,gamma
942,H2-Q6,gamma
946,H60b,gamma
952,Hcfc1r1,gamma
953,Hcfc2,gamma
959,Hddc2,gamma
961,Hdhd2,gamma
962,Heatr1,gamma
967,Hectd1,gamma
969,Helz2,gamma
976,Hexb,gamma
978,Hey1,gamma
981,Hibch,gamma
987,Hivep1,gamma
996,Homer1,gamma
998,Hook2,gamma
1001,Hoxb4,gamma
1004,Hpcal1,gamma
1005,Hpgd,gamma
1009,Hsh2d,gamma
1010,Hspa1b,gamma
1012,Hspa8,gamma
1015,Htr1d,gamma
1021,Iars2,gamma
1022,Ibtk,gamma
1023,Ica1l,gamma
1024,Icam2,gamma
1027,Id2,gamma
1028,Idh2,gamma
1031,Ier5,gamma
1032,Ier5l,gamma
1043,Ifnar2,gamma
1048,Ifrd2,gamma
1049,Ift74,gamma
1051,Ift88,gamma
1054,Igsf8,gamma
1056,Ikzf1,gamma
1058,Il18r1,gamma
1061,Il21r,gamma
1062,Il23r,gamma
1071,Ing2,gamma
1075,Inka1,gamma
1084,Ipmk,gamma
1088,Iqgap2,gamma
1093,Irgm1,gamma
1097,Isoc1,gamma
1103,Itgb1,gamma
1104,Itgb3,gamma
1107,Itm2a,gamma
1108,Itm2c,gamma
1109,Itpripl2,gamma
1112,Jade3,gamma
1116,Junb,gamma
1118,Kat2a,gamma
1121,Katnbl1,gamma
1123,Kcng2,gamma
1125,Kcnj8,gamma
1127,Kcnk7,gamma
1138,Kif2a,gamma
1140,Kifc1,gamma
1143,Klf15,gamma
1144,Klf16,gamma
1147,Klf9,gamma
1150,Klhdc2,gamma
1152,Klhl2,gamma
1154,Klhl5,gamma
1155,Klrb1c,gamma
1156,Klrb1f,gamma
1165,Krt222,gamma
1169,LTO1,gamma
1171,Lamtor2,gamma
1172,Lars2,gamma
1173,Las1l,gamma
1175,Lat,gamma
1176,Lax1,gamma
1186,Lgmn,gamma
1188,Lim2,gamma
1189,Limk1,gamma
1190,Limk2,gamma
1192,Lin7c,gamma
1193,Lipo3,gamma
1194,Lipt2,gamma
1195,Lix1l,gamma
1202,Lrpprc,gamma
1207,Lrrc8b,gamma
1209,Lrrc8d,gamma
1216,Ltf,gamma
1217,Luc7l,gamma
1218,Luc7l3,gamma
1220,Ly96,gamma
1221,Lyrm4,gamma
1222,Lysmd2,gamma
1223,Lysmd3,gamma
1227,Mafk,gamma
1229,Mageh1,gamma
1230,Magi3,gamma
1232,Maip1,gamma
1233,Mak16,gamma
1244,Map3k1,gamma
1251,Mapk7,gamma
1253,Marco,gamma
1256,Matk,gamma
1257,Mau2,gamma
1263,Mcm3ap,gamma
1265,Mcmbp,gamma
1266,Mcpt8,gamma
1270,Me2,gamma
1271,Mea1,gamma
1273,Med22,gamma
1276,Med28,gamma
1284,Mettl14,gamma
1285,Mettl16,gamma
1287,Mettl2,gamma
1288,Mettl3,gamma
1289,Mettl7a1,gamma
1294,Mfhas1,gamma
1295,Mfsd13a,gamma
1299,Mgat1,gamma
1300,Mgat4a,gamma
1301,Micos13,gamma
1306,Mkrn1,gamma
1308,Mlana,gamma
1317,Mmut,gamma
1325,Mpc1,gamma
1326,Mpg,gamma
1327,Mphosph10,gamma
1331,Mpped1,gamma
1333,Mpzl3,gamma
1335,Mrm3,gamma
1339,Mrpl32,gamma
1341,Mrpl36,gamma
1343,Mrps15,gamma
1344,Mrps17,gamma
1351,Mrrf,gamma
1352,Mrs2,gamma
1353,Ms4a4c,gamma
1355,Msantd4,gamma
1359,Msh6,gamma
1366,Mtf1,gamma
1368,Mtg1,gamma
1369,Mthfsl,gamma
1372,Mtmr2,gamma
1377,Mvd,gamma
1385,Mylpf,gamma
1390,N4bp2,gamma
1392,Naa25,gamma
1394,Nae1,gamma
1396,Naip2,gamma
1398,Nanos1,gamma
1399,Nap1l3,gamma
1401,Napsa,gamma
1404,Nat8l,gamma
1407,Ncdn,gamma
1410,Ncoa4,gamma
1411,Ncoa5,gamma
1414,Ndfip1,gamma
1416,Ndrg2,gamma
1418,Ndufa3,gamma
1421,Ndufv3,gamma
1429,Nek7,gamma
1434,Neurl3,gamma
1442,Nfkbid,gamma
1450,Nit2,gamma
1451,Nkain1,gamma
1455,Nlrp6,gamma
1456,Nmd3,gamma
1458,Nnt,gamma
1459,Nob1,gamma
1465,Nom1,gamma
1468,Npc1,gamma
1475,Nrd1,gamma
1479,Nsmce1,gamma
1483,Nt5e,gamma
1485,Ntrk3,gamma
1490,Nudt15,gamma
1491,Nudt22,gamma
1499,Oaf,gamma
1502,Oat,gamma
1509,Olfr157,gamma
1510,Olfr231,gamma
1513,Olfr482,gamma
1515,Olfr666,gamma
1518,Oma1,gamma
1520,Opa1,gamma
1522,Orc3,gamma
1523,Orc5,gamma
1527,Osbpl10,gamma
1529,Osbpl8,gamma
1539,Oxct1,gamma
1540,P2ry10,gamma
1541,P4ha1,gamma
1544,Pafah2,gamma
1546,Paip2b,gamma
1549,Paox,gamma
1550,Paqr6,gamma
1557,Pbrm1,gamma
1562,Pcif1,gamma
1566,Pcsk6,gamma
1567,Pcyox1l,gamma
1571,Pde4d,gamma
1576,Pdpr,gamma
1577,Pdrg1,gamma
1578,Pdxdc1,gamma
1579,Pdzk1ip1,gamma
1581,Penk,gamma
1583,Pex12,gamma
1589,Pfdn5,gamma
1592,Pgam2,gamma
1594,Pggt1b,gamma
1595,Pgls,gamma
1599,Phactr2,gamma
1601,Phf10,gamma
1602,Phf11c,gamma
1603,Phf12,gamma
1604,Phf13,gamma
1605,Phf2,gamma
1613,Pigm,gamma
1614,Pigyl,gamma
1615,Pik3c3,gamma
1616,Pik3cd,gamma
1623,Pinx1,gamma
1626,Pitpna,gamma
1628,Pkn1,gamma
1630,Plcl2,gamma
1631,Plcxd2,gamma
1633,Plec,gamma
1635,Plekhf1,gamma
1637,Plekhj1,gamma
1639,Plekho1,gamma
1641,Plin3,gamma
1642,Plk2,gamma
1650,Pnn,gamma
1651,Pnpla3,gamma
1653,Pnpt1,gamma
1654,Poc1b,gamma
1657,Polg,gamma
1660,Polr1a,gamma
1670,Popdc2,gamma
1671,Pou2f1,gamma
1672,Pou5f2,gamma
1674,Ppa2,gamma
1679,Ppig,gamma
1680,Ppil3,gamma
1681,Ppm1j,gamma
1683,Ppp1r12a,gamma
1693,Ppp2r1b,gamma
1695,Ppp2r5a,gamma
1698,Ppp3cc,gamma
1700,Ppp6r2,gamma
1701,Pprc1,gamma
1702,Pptc7,gamma
1709,Prkcb,gamma
1716,Prkx,gamma
1718,Prnp,gamma
1728,Prune1,gamma
1730,Psd4,gamma
1732,Psenen,gamma
1736,Ptcd3,gamma
1738,Pten,gamma
1739,Ptger1,gamma
1740,Ptger2,gamma
1741,Ptger4,gamma
1743,Ptpn4,gamma
1746,Ptprs,gamma
1749,Puf60,gamma
1752,Pus7l,gamma
1755,Qrfp,gamma
1756,Qtrt1,gamma
1760,R3hdm4,gamma
1761,Rab10,gamma
1768,Rabep2,gamma
1769,Rabgap1l,gamma
1774,Rad50,gamma
1775,Rae1,gamma
1778,Ramp3,gamma
1780,Ranbp3,gamma
1785,Rasgrf1,gamma
1786,Rasl11a,gamma
1789,Rbbp5,gamma
1792,Rbm14,gamma
1795,Rbm34,gamma
1800,Rbms1,gamma
1803,Rbsn,gamma
1806,Rcbtb1,gamma
1807,Rcc1l,gamma
1809,Rcn2,gamma
1812,Rdh12,gamma
1813,Rdm1,gamma
1820,Rexo5,gamma
1826,Rgs19,gamma
1827,Rgs2,gamma
1828,Rgs3,gamma
1830,Rhbdd3,gamma
1832,Rhbdl1,gamma
1834,Rhebl1,gamma
1835,Rhno1,gamma
1837,Rhobtb2,gamma
1843,Riox2,gamma
1849,Rmi1,gamma
1853,Rnaseh1,gamma
1856,Rnasel,gamma
1858,Rnd2,gamma
1863,Rnf128,gamma
1870,Rnf208,gamma
1873,Rnf220,gamma
1874,Rnf26,gamma
1876,Rnf5,gamma
1880,Rock2,gamma
1884,Rpf2,gamma
1887,Rpl15,gamma
1890,Rpl24,gamma
1892,Rpl3,gamma
1895,Rpl36al,gamma
1896,Rpl4,gamma
1897,Rpl41,gamma
1898,Rpl7,gamma
1899,Rpl8,gamma
1901,Rplp2,gamma
1903,Rps10,gamma
1904,Rps14,gamma
1907,Rps3,gamma
1909,Rps6ka1,gamma
1910,Rps6kc1,gamma
1914,Rrad,gamma
1917,Rrp9,gamma
1919,Rsbn1,gamma
1926,Runx2,gamma
1929,S100a11,gamma
1930,S100a13,gamma
1931,S100a2,gamma
1937,Samsn1,gamma
1938,Sap130,gamma
1940,Sap30l,gamma
1947,Scaf11,gamma
1948,Scand1,gamma
1953,Scfd2,gamma
1957,Scrn3,gamma
1959,Sdcbp2,gamma
1962,Sdr39u1,gamma
1967,Selenok,gamma
1974,Sepsecs,gamma
1976,Serf1,gamma
1977,Sergef,gamma
1979,Serpinb1a,gamma
1983,Setd6,gamma
1992,Sgtb,gamma
1994,Sh2d1a,gamma
1999,Sh3kbp1,gamma
2004,Sidt1,gamma
2009,Sipa1l1,gamma
2017,Slc1a4,gamma
2018,Slc25a12,gamma
2019,Slc25a2,gamma
2020,Slc25a30,gamma
2025,Slc25a44,gamma
2028,Slc27a4,gamma
2033,Slc35a5,gamma
2041,Slc39a10,gamma
2046,Slc4a7,gamma
2048,Slc5a3,gamma
2053,Slc9a7,gamma
2054,Slc9a9,gamma
2056,Slf1,gamma
2058,Slmap,gamma
2064,Smap1,gamma
2066,Smc4,gamma
2071,Smcr8,gamma
2077,Smndc1,gamma
2081,Smyd1,gamma
2082,Smyd5,gamma
2091,Snx4,gamma
2092,Snx6,gamma
2094,Socs2,gamma
2095,Socs3,gamma
2096,Sorbs1,gamma
2098,Sostdc1,gamma
2102,Sp4,gamma
2103,Sp9,gamma
2104,Spag1,gamma
2108,Spats1,gamma
2110,Spg11,gamma
2115,Spock2,gamma
2116,Spred2,gamma
2118,Spry1,gamma
2120,Sptbn1,gamma
2128,Srgap3,gamma
2130,Srm,gamma
2131,Srp14,gamma
2136,Srr,gamma
2138,Srsf6,gamma
2139,Ss18l2,gamma
2140,Ssb,gamma
2141,Ssbp1,gamma
2143,Ssh3,gamma
2146,St6galnac3,gamma
2149,Stc2,gamma
2157,Stn1,gamma
2160,Stt3b,gamma
2165,Stx6,gamma
2166,Stxbp5,gamma
2176,Supt7l,gamma
2178,Susd2,gamma
2179,Susd3,gamma
2182,Svip,gamma
2184,Syf2,gamma
2185,Sync,gamma
2186,Syncrip,gamma
2190,Syt11,gamma
2191,Szrd1,gamma
2192,Taco1,gamma
2194,Tada2b,gamma
2196,Taf1a,gamma
2198,Taf1d,gamma
2199,Taf4b,gamma
2202,Tank,gamma
2203,Tarbp1,gamma
2204,Tars2,gamma
2205,Tarsl2,gamma
2207,Tatdn1,gamma
2210,Tbc1d15,gamma
2212,Tbc1d20,gamma
2218,Tbl2,gamma
2220,Tbx21,gamma
2242,Tfpi,gamma
2243,Tg,gamma
2248,Themis,gamma
2249,Thoc2,gamma
2254,Thumpd1,gamma
2256,Thumpd3,gamma
2258,Tia1,gamma
2260,Timm10,gamma
2262,Timm8a1,gamma
2263,Timm9,gamma
2264,Timp2,gamma
2266,Tiparp,gamma
2275,Tm9sf2,gamma
2278,Tmem107,gamma
2281,Tmem140,gamma
2286,Tmem167,gamma
2287,Tmem167b,gamma
2289,Tmem170b,gamma
2290,Tmem171,gamma
2291,Tmem176b,gamma
2293,Tmem178,gamma
2300,Tmem238,gamma
2301,Tmem245,gamma
2312,Tmem65,gamma
2314,Tmem9,gamma
2315,Tmf1,gamma
2321,Tnc,gamma
2322,Tnf,gamma
2331,Tnfsf14,gamma
2332,Tnip1,gamma
2334,Tnnt1,gamma
2336,Tob1,gamma
2337,Tob2,gamma
2338,Tomm20,gamma
2340,Tomm7,gamma
2343,Tox2,gamma
2344,Tpcn1,gamma
2347,Tppp3,gamma
2350,Tpst1,gamma
2351,Tpst2,gamma
2356,Tram2,gamma
2359,Trappc12,gamma
2360,Trappc13,gamma
2370,Trim30d,gamma
2372,Trim39,gamma
2374,Trim8,gamma
2378,Trmt11,gamma
2381,Trmt5,gamma
2383,Trnt1,gamma
2387,Trrap,gamma
2406,Ttc27,gamma
2408,Ttc37,gamma
2411,Ttf1,gamma
2412,Tti2,gamma
2415,Tubd1,gamma
2417,Tubgcp6,gamma
2420,Txlnb,gamma
2422,Txndc16,gamma
2423,Txndc9,gamma
2424,Tyk2,gamma
2425,Tyw5,gamma
2428,Ubac2,gamma
2429,Ubald1,gamma
2432,Ubb,gamma
2434,Ube2b,gamma
2436,Ube2j1,gamma
2439,Ube3b,gamma
2440,Ube4a,gamma
2445,Ubr4,gamma
2448,Uchl4,gamma
2452,Ugcg,gamma
2455,Unc50,gamma
2460,Uqcrh,gamma
2461,Urb1,gamma
2462,Urm1,gamma
2468,Usp31,gamma
2472,Usp42,gamma
2473,Usp54,gamma
2480,Utp20,gamma
2487,Vkorc1l1,gamma
2492,Vps33a,gamma
2497,Vps51,gamma
2500,Vsir,gamma
2501,Vsx1,gamma
2502,Vwa8,gamma
2503,Wapl,gamma
2510,Wdr53,gamma
2511,Wdr59,gamma
2513,Wdr73,gamma
2514,Wdr74,gamma
2515,Wdr75,gamma
2517,Wdr81,gamma
2519,Wdr83,gamma
2521,Wfdc21,gamma
2522,Wfikkn2,gamma
2527,Xaf1,gamma
2533,Xntrpc,gamma
2534,Xpnpep3,gamma
2535,Xpo6,gamma
2537,Xylt1,gamma
2541,Yeats2,gamma
2543,Yipf4,gamma
2550,Zbtb38,gamma
2556,Zc3h12a,gamma
2557,Zc3h8,gamma
2563,Zcwpw1,gamma
2564,Zdhhc23,gamma
2565,Zfand5,gamma
2567,Zfp109,gamma
2572,Zfp219,gamma
2587,Zfp422,gamma
2589,Zfp451,gamma
2592,Zfp512,gamma
2596,Zfp583,gamma
2598,Zfp593,gamma
2602,Zfp622,gamma
2604,Zfp706,gamma
2608,Zfp768,gamma
2612,Zfp821,gamma
2614,Zfp827,gamma
2617,Zfp93,gamma
2624,Zfp983,gamma
2630,Zmiz1,gamma
2631,Zmiz2,gamma
2634,Zpbp,gamma
2636,Zswim7,gamma
2640,Zzz3,gamma
2641,a,gamma
3072,Cetn2,longtail
3429,Foxp3,longtail
3472,Gem,longtail
3701,Ifng,longtail
3707,Ift80,longtail
4044,Myl6,longtail
4098,Nfil3,longtail
4165,Oaz1,longtail
4620,Sccpdh,longtail
0,0610012G03Rik,expo
4,1110032F04Rik,expo
7,1600012H06Rik,expo
14,1700029J07Rik,expo
19,2310057M21Rik,expo
20,2310061N02Rik,expo
23,2610301B20Rik,expo
25,2700049A03Rik,expo
27,2810408A11Rik,expo
28,3110009E18Rik,expo
29,4833420G17Rik,expo
33,4930522L14Rik,expo
46,Aasdh,expo
48,Abcb1a,expo
49,Abcb1b,expo
52,Abcc5,expo
53,Abcd1,expo
57,Abi3,expo
58,Abl1,expo
59,Abl2,expo
62,Abtb2,expo
64,Acad8,expo
75,Actn1,expo
78,Actr8,expo
81,Ada,expo
84,Adamts10,expo
88,Add3,expo
93,Adgrl1,expo
95,Adh5,expo
96,Adi1,expo
97,Adk,expo
99,Adora2a,expo
100,Adpgk,expo
103,Aen,expo
108,Agl,expo
114,Ahi1,expo
115,Ahsa2,expo
116,Aig1,expo
117,Akap11,expo
122,Alg11,expo
126,Ampd1,expo
129,Ank3,expo
130,Ankrd11,expo
132,Ankrd16,expo
142,Antxr2,expo
146,Ap3s1,expo
149,Aph1a,expo
161,Areg,expo
162,Arf5,expo
171,Arid1a,expo
172,Arid2,expo
173,Arid3b,expo
175,Arih2,expo
176,Arl11,expo
179,Arl4a,expo
189,Arpc3,expo
193,Arv1,expo
195,As3mt,expo
196,Asap2,expo
199,Asf1a,expo
201,Ass1,expo
208,Atg101,expo
212,Atm,expo
213,Atp11a,expo
214,Atp11b,expo
216,Atp23,expo
222,Atp6v0e,expo
223,Atp6v1e1,expo
224,Atp6v1f,expo
227,Atr,expo
229,Atrx,expo
230,Atxn10,expo
231,Atxn2,expo
236,Avil,expo
237,Avl9,expo
238,Avpi1,expo
243,B230219D22Rik,expo
245,B3galnt2,expo
246,B3gnt2,expo
249,B4galnt4,expo
250,B4galt3,expo
254,BC031181,expo
262,Bcl10,expo
265,Bcl6,expo
266,Bcl7b,expo
267,Bcl9,expo
274,Bex2,expo
275,Bex3,expo
277,Bhlhe40,expo
281,Birc2,expo
282,Birc6,expo
286,Bod1l,expo
288,Bphl,expo
289,Braf,expo
290,Brap,expo
297,Btbd1,expo
301,Btf3l4,expo
305,Bud31,expo
309,C1galt1,expo
311,C2cd4c,expo
320,Calm2,expo
321,Calml4,expo
328,Casc3,expo
332,Casp8,expo
333,Cbfa2t2,expo
335,Cblb,expo
344,Ccdc22,expo
347,Ccdc77,expo
351,Ccl25,expo
352,Ccl4,expo
359,Ccnt1,expo
365,Cd163l1,expo
368,Cd200r2,expo
370,Cd28,expo
372,Cd37,expo
378,Cd5,expo
379,Cd69,expo
380,Cd81,expo
381,Cd82,expo
383,Cd9,expo
396,Cdk7,expo
398,Cdkn2aip,expo
400,Cebpa,expo
406,Cenpl,expo
407,Cep120,expo
410,Cep164,expo
411,Cep170,expo
414,Cep350,expo
417,Cers4,expo
424,Cgas,expo
426,Champ1,expo
431,Chka,expo
437,Chst11,expo
438,Chst12,expo
439,Chst2,expo
442,Ciao2b,expo
449,Clip2,expo
451,Clp1,expo
452,Clpx,expo
453,Cltb,expo
454,Cluap1,expo
455,Clybl,expo
456,Cmah,expo
457,Cmklr1,expo
458,Cnbp,expo
459,Cngb1,expo
464,Cnr2,expo
465,Cntrl,expo
468,Commd5,expo
470,Commd8,expo
471,Comtd1,expo
474,Coq10b,expo
488,Creb1,expo
508,Ctsl,expo
509,Ctu1,expo
513,Cul3,expo
514,Cul4a,expo
516,Cul5,expo
521,Cxcr4,expo
526,Cyb5a,expo
527,Cyb5d1,expo
528,Cybc1,expo
534,D16Ertd472e,expo
536,D5Ertd579e,expo
538,D8Ertd738e,expo
540,Dab2ip,expo
541,Dad1,expo
542,Dand5,expo
543,Dapk1,expo
544,Daxx,expo
546,Dbt,expo
547,Dcaf17,expo
548,Dcaf4,expo
550,Dcpp1,expo
551,Dctn1,expo
552,Ddhd2,expo
556,Ddx3x,expo
563,Dennd11,expo
565,Dennd4a,expo
566,Dennd4c,expo
571,Dgat1,expo
572,Dgkd,expo
573,Dgke,expo
580,Dicer1,expo
581,Dimt1,expo
583,Dipk2a,expo
585,Dleu7,expo
586,Dlg3,expo
589,Dmac1,expo
593,Dnah8,expo
598,Dnajb6,expo
602,Dnajc7,expo
604,Dnmt3a,expo
605,Dnmt3b,expo
609,Dram2,expo
610,Dse,expo
614,Dus3l,expo
615,Dus4l,expo
618,Dusp12,expo
622,Dusp5,expo
624,Dvl3,expo
630,Echdc1,expo
632,Ecm1,expo
643,Egr1,expo
644,Ehd3,expo
652,Eif3k,expo
653,Eif4b,expo
654,Eif4e3,expo
659,Ell2,expo
664,Emc9,expo
666,Enkur,expo
668,Entpd6,expo
670,Entr1,expo
671,Eomes,expo
676,Epm2aip1,expo
679,Erap1,expo
681,Ercc6l2,expo
685,Ermard,expo
687,Errfi1,expo
692,Etfbkmt,expo
702,Exoc8,expo
703,Exosc4,expo
710,F2rl2,expo
714,Fam102b,expo
715,Fam107b,expo
716,Fam117b,expo
717,Fam118a,expo
719,Fam149b,expo
720,Fam160b1,expo
724,Fam221a,expo
729,Fancf,expo
731,Fastkd1,expo
738,Fbxo33,expo
741,Fbxo9,expo
745,Fem1c,expo
746,Fgd5,expo
751,Fgf9,expo
755,Filip1,expo
756,Fis1,expo
759,Flad1,expo
762,Flot2,expo
767,Fn3krp,expo
771,Fosb,expo
772,Fosl2,expo
773,Foxk1,expo
774,Foxk2,expo
776,Fra10ac1,expo
783,Fundc2,expo
784,Fuom,expo
785,Fxr1,expo
792,Gabpb1,expo
795,Gadd45b,expo
798,Galns,expo
799,Galnt12,expo
801,Galnt4,expo
810,Gbe1,expo
814,Gch1,expo
821,Gfi1,expo
822,Ggnbp2,expo
823,Ghitm,expo
824,Gid4,expo
827,Gipc1,expo
831,Gla,expo
836,Glrx2,expo
840,Gm10033,expo
842,Gm10778,expo
845,Gm20939,expo
854,Gm614,expo
857,Gmfb,expo
859,Gna11,expo
861,Gna13,expo
863,Gnaq,expo
866,Gng12,expo
868,Gng3,expo
870,Gnl1,expo
871,Gnl2,expo
876,Gnpnat1,expo
877,Gnptg,expo
878,Gnrh1,expo
879,Golga1,expo
880,Golgb1,expo
884,Gorab,expo
885,Got1,expo
891,Gpbp1l1,expo
892,Gpd1l,expo
894,Gpm6b,expo
899,Gpr146,expo
902,Gpr18,expo
909,Gpx4,expo
911,Gramd3,expo
912,Gramd4,expo
913,Grb7,expo
925,Gtf2a2,expo
926,Gtf2b,expo
927,Gtf2h2,expo
933,Guk1,expo
937,H1f2,expo
939,H2-D1,expo
943,H2-T24,expo
944,H3f3a,expo
945,H3f3b,expo
950,Hars2,expo
951,Haus3,expo
955,Hdac10,expo
956,Hdac2,expo
957,Hdac4,expo
963,Heatr5a,expo
965,Heatr9,expo
966,Hebp1,expo
968,Hectd4,expo
970,Herc1,expo
971,Herc2,expo
972,Herc4,expo
973,Herc6,expo
979,Hgsnat,expo
980,Hibadh,expo
982,Hic1,expo
983,Hint1,expo
986,Hipk3,expo
989,Hlcs,expo
990,Hlf,expo
991,Hmbox1,expo
992,Hmces,expo
995,Hmox1,expo
1000,Hopx,expo
1002,Hp1bp3,expo
1003,Hpca,expo
1007,Hs6st3,expo
1008,Hsf2,expo
1011,Hspa5,expo
1013,Hspbap1,expo
1025,Icam5,expo
1026,Ice2,expo
1034,Iffo2,expo
1039,Ifit1,expo
1040,Ifit2,expo
1045,Ifngr1,expo
1046,Ifngr2,expo
1047,Ifrd1,expo
1052,Igfbp4,expo
1057,Il17ra,expo
1064,Il2rg,expo
1065,Il4,expo
1067,Ilrun,expo
1069,Impact,expo
1070,Inafm2,expo
1073,Ing5,expo
1076,Ino80,expo
1078,Inpp5f,expo
1079,Insig1,expo
1083,Ints6l,expo
1090,Irf3,expo
1094,Irs3,expo
1106,Itih5,expo
1111,Jade2,expo
1119,Kat8,expo
1120,Katnb1,expo
1122,Kbtbd7,expo
1126,Kcnk5,expo
1129,Kctd2,expo
1132,Kdm6b,expo
1133,Kidins220,expo
1134,Kif13a,expo
1135,Kif13b,expo
1136,Kif1c,expo
1137,Kif21b,expo
1139,Kif5c,expo
1142,Klf13,expo
1145,Klf4,expo
1146,Klf6,expo
1148,Klhdc1,expo
1151,Klhl15,expo
1153,Klhl20,expo
1157,Klrc1,expo
1158,Klrc3,expo
1160,Klrk1,expo
1161,Kpna1,expo
1167,Ktn1,expo
1168,Kxd1,expo
1174,Lasp1,expo
1179,Lcn4,expo
1180,Lcor,expo
1181,Ldlr,expo
1184,Letmd1,expo
1185,Lgalsl,expo
1187,Lig4,expo
1197,Lmbrd1,expo
1198,Lmf1,expo
1199,Lmna,expo
1200,Lpxn,expo
1201,Lratd1,expo
1203,Lrrc42,expo
1208,Lrrc8c,expo
1210,Lrrcc1,expo
1211,Lrrfip2,expo
1213,Lrrtm2,expo
1214,Lsm11,expo
1215,Lta4h,expo
1225,Maco1,expo
1226,Maff,expo
1231,Magoh,expo
1235,Mamdc4,expo
1240,Map1lc3a,expo
1241,Map1lc3b,expo
1243,Map2k5,expo
1254,Marf1,expo
1259,Mblac1,expo
1268,Mdfic,expo
1269,Mdn1,expo
1277,Med31,expo
1278,Med6,expo
1280,Mef2a,expo
1282,Mef2d,expo
1286,Mettl17,expo
1290,Mettl9,expo
1293,Mfge8,expo
1296,Mfsd14b,expo
1302,Mien1,expo
1303,Miga1,expo
1305,Mitd1,expo
1307,Mkrn2,expo
1310,Mlh3,expo
1316,Mmp10,expo
1318,Mnat1,expo
1319,Mob3a,expo
1324,Mosmo,expo
1332,Mpzl1,expo
1336,Mrpl10,expo
1338,Mrpl30,expo
1348,Mrps35,expo
1349,Mrps5,expo
1350,Mrps6,expo
1362,Mtdh,expo
1363,Mterf1a,expo
1364,Mterf2,expo
1365,Mterf4,expo
1367,Mtfmt,expo
1376,Mtx2,expo
1381,Myc,expo
1387,Myo10,expo
1393,Nabp1,expo
1402,Nars2,expo
1406,Nccrp1,expo
1412,Ncoa6,expo
1413,Ncor1,expo
1419,Ndufaf4,expo
1420,Ndufb10,expo
1425,Nedd4l,expo
1427,Nek1,expo
1432,Nemf,expo
1433,Nepro,expo
1435,Neurl4,expo
1439,Nfkb2,expo
1440,Nfkbia,expo
1441,Nfkbib,expo
1443,Nfkbie,expo
1444,Nfrkb,expo
1445,Ngrn,expo
1446,Nif3l1,expo
1448,Nin,expo
1449,Nipbl,expo
1454,Nlrc3,expo
1457,Nmrk1,expo
1462,Nol7,expo
1463,Nol8,expo
1469,Npc2,expo
1471,Nr4a1,expo
1472,Nr4a2,expo
1473,Nr4a3,expo
1474,Nrarp,expo
1477,Nrgn,expo
1481,Nsun6,expo
1484,Ntf5,expo
1487,Nubpl,expo
1489,Nudt11,expo
1493,Nudt6,expo
1497,Nup98,expo
1498,Nus1,expo
1500,Oas2,expo
1504,Odc1,expo
1505,Oga,expo
1511,Olfr267,expo
1516,Olfr744,expo
1521,Orai1,expo
1524,Ormdl1,expo
1531,Oser1,expo
1533,Osm,expo
1534,Osr2,expo
1535,Ost4,expo
1536,Ostf1,expo
1537,Otulinl,expo
1542,Pacc1,expo
1545,Pag1,expo
1547,Pan2,expo
1548,Pank3,expo
1551,Parp11,expo
1555,Pawr,expo
1556,Paxbp1,expo
1558,Pbxip1,expo
1559,Pcbd2,expo
1561,Pcgf6,expo
1563,Pcm1,expo
1564,Pcnx3,expo
1568,Pdcd1lg2,expo
1570,Pde3b,expo
1572,Pdlim1,expo
1575,Pdpk1,expo
1580,Pecam1,expo
1582,Per1,expo
1586,Pex2,expo
1587,Pex3,expo
1588,Pfdn2,expo
1593,Pgap2,expo
1596,Pgm2l1,expo
1598,Pgrmc2,expo
1606,Phf6,expo
1607,Phf7,expo
1608,Phip,expo
1609,Phtf2,expo
1611,Pi4kb,expo
1617,Pik3r1,expo
1618,Pik3r5,expo
1621,Pim3,expo
1622,Pin4,expo
1625,Pip5k1c,expo
1634,Plekha3,expo
1638,Plekhm3,expo
1643,Plk3,expo
1646,Plscr1,expo
1647,Pmaip1,expo
1655,Podnl1,expo
1658,Poli,expo
1661,Polr1c,expo
1662,Polr1d,expo
1664,Polr2m,expo
1665,Polr3b,expo
1667,Polr3d,expo
1668,Polr3e,expo
1669,Polrmt,expo
1677,Ppib,expo
1682,Ppp1r11,expo
1685,Ppp1r15b,expo
1687,Ppp1r18,expo
1689,Ppp1r21,expo
1691,Ppp1r3b,expo
1694,Ppp2r2d,expo
1704,Prdm5,expo
1705,Prdx6,expo
1706,Prepl,expo
1708,Prkag2,expo
1710,Prkce,expo
1712,Prkd2,expo
1713,Prkd3,expo
1714,Prkdc,expo
1717,Prmt6,expo
1720,Proser2,expo
1722,Prpf39,expo
1724,Prr13,expo
1725,Prrc2c,expo
1729,Prxl2b,expo
1731,Psen2,expo
1733,Psip1,expo
1734,Pstpip1,expo
1735,Ptcd2,expo
1744,Ptpn5,expo
1747,Pts,expo
1748,Pttg1,expo
1753,Pxmp4,expo
1758,R3hdm1,expo
1762,Rab11a,expo
1767,Rab43,expo
1772,Rack1,expo
1776,Ralb,expo
1779,Ranbp10,expo
1782,Rap2b,expo
1783,Rapgef4,expo
1784,Rasa2,expo
1787,Raver2,expo
1793,Rbm25,expo
1794,Rbm26,expo
1801,Rbms2,expo
1802,Rbpj,expo
1805,Rcan3,expo
1808,Rcn1,expo
1810,Rcsd1,expo
1818,Rev3l,expo
1819,Rexo4,expo
1823,Rfxap,expo
1824,Rgp1,expo
1825,Rgs1,expo
1829,Rhbdd1,expo
1836,Rhob,expo
1839,Rictor,expo
1840,Rif1,expo
1842,Rint1,expo
1846,Ripor3,expo
1850,Rmnd1,expo
1851,Rmnd5b,expo
1852,Rnase4,expo
1854,Rnaseh2c,expo
1859,Rnd3,expo
1861,Rnf125,expo
1862,Rnf126,expo
1865,Rnf130,expo
1867,Rnf144a,expo
1868,Rnf19a,expo
1869,Rnf19b,expo
1879,Rock1,expo
1881,Romo1,expo
1882,Rora,expo
1885,Rpl10,expo
1886,Rpl10a,expo
1888,Rpl18,expo
1891,Rpl29,expo
1893,Rpl32,expo
1902,Rpp38,expo
1906,Rps17,expo
1908,Rps5,expo
1911,Rps9,expo
1912,Rpsa,expo
1915,Rras2,expo
1918,Rrs1,expo
1920,Rspry1,expo
1921,Rtp4,expo
1922,Rufy3,expo
1928,Ryk,expo
1932,Sacs,expo
1934,Samd8,expo
1935,Samd9l,expo
1939,Sap18,expo
1943,Sarnp,expo
1944,Satb1,expo
1945,Sav1,expo
1954,Scmh1,expo
1960,Sde2,expo
1961,Sdf2,expo
1964,Sec24b,expo
1965,Sec24c,expo
1966,Sec63,expo
1970,Selenow,expo
1971,Sell,expo
1972,Sema4a,expo
1981,Setbp1,expo
1982,Setd1b,expo
1984,Setd7,expo
1986,Setx,expo
1990,Sgk3,expo
1993,Sh2b1,expo
1996,Sh3bp1,expo
2000,Sh3pxd2b,expo
2003,Siah2,expo
2006,Sik1,expo
2010,Sit1,expo
2011,Skil,expo
2012,Skp1a,expo
2021,Slc25a33,expo
2023,Slc25a37,expo
2024,Slc25a39,expo
2027,Slc26a2,expo
2034,Slc35b3,expo
2036,Slc35e1,expo
2037,Slc35e4,expo
2040,Slc38a2,expo
2043,Slc3a2,expo
2045,Slc43a2,expo
2049,Slc66a2,expo
2050,Slc6a12,expo
2052,Slc8b1,expo
2057,Slf2,expo
2059,Slpi,expo
2060,Sltm,expo
2063,Smad1,expo
2068,Smc6,expo
2070,Smco4,expo
2072,Smg1,expo
2075,Smim15,expo
2076,Smim7,expo
2078,Smox,expo
2080,Smurf1,expo
2084,Snapc3,expo
2086,Snrpn,expo
2090,Snx18,expo
2093,Soat2,expo
2106,Spast,expo
2107,Spata48,expo
2112,Spint2,expo
2113,Spns1,expo
2114,Spock1,expo
2121,Sptssa,expo
2122,Spty2d1,expo
2123,Sqstm1,expo
2124,Srcap,expo
2129,Srgn,expo
2133,Srpk1,expo
2134,Srpk2,expo
2142,Ssh2,expo
2144,St3gal5,expo
2150,Stim1,expo
2154,Stk26,expo
2155,Stk38,expo
2156,Stk40,expo
2158,Stradb,expo
2159,Strip1,expo
2162,Stx17,expo
2163,Stx2,expo
2167,Sub1,expo
2172,Sult2b1,expo
2173,Sumf1,expo
2175,Suox,expo
2181,Svil,expo
2183,Svs3b,expo
2188,Synj2,expo
2193,Tada1,expo
2201,Taf8,expo
2206,Tas1r3,expo
2209,Tax1bp3,expo
2214,Tbc1d4,expo
2215,Tbccd1,expo
2219,Tbpl1,expo
2221,Tceal9,expo
2222,Tcf20,expo
2224,Tctex1d2,expo
2230,Telo2,expo
2231,Tent2,expo
2232,Tent4b,expo
2233,Tent5c,expo
2236,Tesk2,expo
2237,Tex10,expo
2244,Tgfbr1,expo
2245,Tgif1,expo
2246,Tgoln1,expo
2247,Thbd,expo
2255,Thumpd2,expo
2257,Thy1,expo
2261,Timm21,expo
2267,Tiprl,expo
2272,Tlr1,expo
2273,Tlr12,expo
2274,Tlr7,expo
2276,Tma16,expo
2277,Tmc8,expo
2282,Tmem147,expo
2283,Tmem14a,expo
2294,Tmem184c,expo
2296,Tmem186,expo
2297,Tmem201,expo
2299,Tmem220,expo
2302,Tmem246,expo
2303,Tmem260,expo
2306,Tmem30b,expo
2308,Tmem38b,expo
2309,Tmem41a,expo
2311,Tmem50a,expo
2313,Tmem80,expo
2318,Tmsb15a,expo
2323,Tnfaip3,expo
2324,Tnfaip8l2,expo
2328,Tnfsf10,expo
2329,Tnfsf11,expo
2330,Tnfsf13b,expo
2333,Tnks,expo
2335,Tnrc6c,expo
2345,Tpgs2,expo
2346,Tpk1,expo
2353,Traf1,expo
2362,Trdn,expo
2364,Trib2,expo
2365,Trim13,expo
2366,Trim21,expo
2368,Trim27,expo
2371,Trim33,expo
2376,Trip11,expo
2379,Trmt112,expo
2386,Trpm7,expo
2388,Trub1,expo
2390,Tsen15,expo
2395,Tspan3,expo
2401,Tsr3,expo
2403,Tst,expo
2404,Ttc13,expo
2405,Ttc14,expo
2413,Ttyh3,expo
2416,Tubgcp5,expo
2419,Txk,expo
2430,Ubald2,expo
2433,Ubc,expo
2437,Ube2q2,expo
2441,Ubl3,expo
2442,Ubl5,expo
2444,Ubox5,expo
2446,Ubxn2a,expo
2449,Ucp2,expo
2450,Uevld,expo
2451,Ufl1,expo
2453,Uhrf2,expo
2454,Unc119,expo
2456,Upf2,expo
2458,Uqcrb,expo
2465,Usp24,expo
2467,Usp28,expo
2469,Usp33,expo
2470,Usp34,expo
2474,Usp7,expo
2476,Uspl1,expo
2477,Ust,expo
2478,Utp11,expo
2479,Utp14a,expo
2482,Utp3,expo
2484,Vamp3,expo
2485,Vcam1,expo
2488,Vmn1r88,expo
2489,Vopp1,expo
2491,Vps26c,expo
2494,Vps37b,expo
2495,Vps37c,expo
2496,Vps4a,expo
2498,Vrk1,expo
2499,Vrk3,expo
2504,Washc3,expo
2508,Wdr19,expo
2512,Wdr70,expo
2516,Wdr77,expo
2525,Wsb1,expo
2529,Xcl1,expo
2530,Xk,expo
2531,Xlr3a,expo
2538,Yaf2,expo
2539,Yars2,expo
2547,Zbtb1,expo
2548,Zbtb24,expo
2549,Zbtb34,expo
2551,Zbtb42,expo
2553,Zbtb6,expo
2554,Zbtb8a,expo
2561,Zcchc18,expo
2569,Zfp146,expo
2570,Zfp157,expo
2571,Zfp160,expo
2574,Zfp277,expo
2577,Zfp292,expo
2578,Zfp319,expo
2579,Zfp329,expo
2581,Zfp36,expo
2582,Zfp369,expo
2584,Zfp382,expo
2585,Zfp398,expo
2590,Zfp51,expo
2591,Zfp511,expo
2593,Zfp512b,expo
2594,Zfp518a,expo
2595,Zfp580,expo
2597,Zfp592,expo
2600,Zfp605,expo
2601,Zfp606,expo
2603,Zfp703,expo
2605,Zfp729b,expo
2606,Zfp74,expo
2609,Zfp790,expo
2610,Zfp800,expo
2611,Zfp810,expo
2613,Zfp825,expo
2616,Zfp868,expo
2618,Zfp930,expo
2619,Zfp932,expo
2621,Zfp942,expo
2622,Zfp944,expo
2623,Zfp961,expo
2625,Zfp985,expo
2633,Znrd1,expo
2635,Zscan12,expo
2637,Zwint,expo
2638,Zyg11b,expo
