gene,module
Aatf,Transcription Factor
Abl1,Transcription Factor
Aes,Transcription Factor
Aff3,Transcription Factor
Ahr,Transcription Factor
Aire,Transcription Factor
Alx1,Transcription Factor
Alx3,Transcription Factor
Alx4,Transcription Factor
Apex1,Transcription Factor
Ar,Transcription Factor
Arid1a,Transcription Factor
Arid1b,Transcription Factor
Arid2,Transcription Factor
Arid3a,Transcription Factor
Arid3b,Transcription Factor
Arid3c,Transcription Factor
Arid4a,Transcription Factor
Arid4b,Transcription Factor
Arid5a,Transcription Factor
Arid5b,Transcription Factor
Arnt,Transcription Factor
Arnt2,Transcription Factor
Arntl,Transcription Factor
Arntl2,Transcription Factor
Arx,Transcription Factor
Ascc1,Transcription Factor
Ascl1,Transcription Factor
Ascl2,Transcription Factor
Ascl3,Transcription Factor
Atf1,Transcription Factor
Atf2,Transcription Factor
Atf3,Transcription Factor
Atf4,Transcription Factor
Atf5,Transcription Factor
Atf6,Transcription Factor
Atf6b,Transcription Factor
Atf7,Transcription Factor
Atf7ip,Transcription Factor
Atm,Transcription Factor
Atoh1,Transcription Factor
Atoh7,Transcription Factor
Atoh8,Transcription Factor
Atr,Transcription Factor
Bach1,Transcription Factor
Bach2,Transcription Factor
Bag1,Transcription Factor
Barhl1,Transcription Factor
Barx1,Transcription Factor
Barx2,Transcription Factor
Batf,Transcription Factor
Batf2,Transcription Factor
Batf3,Transcription Factor
Baz1a,Transcription Factor
Baz2a,Transcription Factor
Baz2b,Transcription Factor
Bcl11a,Transcription Factor
Bcl3,Transcription Factor
Bcl6,Transcription Factor
Bcor,Transcription Factor
Bdp1,Transcription Factor
Bex1,Transcription Factor
Bhlha15,Transcription Factor
Bhlhe22,Transcription Factor
Bhlhe23,Transcription Factor
Bhlhe40,Transcription Factor
Bhlhe41,Transcription Factor
Bin1,Transcription Factor
Blzf1,Transcription Factor
Bmi1,Transcription Factor
Bmp4,Transcription Factor
Bmp7,Transcription Factor
Bptf,Transcription Factor
Brd4,Transcription Factor
Brd7,Transcription Factor
Brf1,Transcription Factor
Bsx,Transcription Factor
Btaf1,Transcription Factor
C1d,Transcription Factor
Camta2,Transcription Factor
Cbfa2t3,Transcription Factor
Ccnt1,Transcription Factor
Ccnt2,Transcription Factor
Ccrn4l,Transcription Factor
Cd3eap,Transcription Factor
Cdc5l,Transcription Factor
Cdc6,Transcription Factor
Cdk7,Transcription Factor
Cdk8,Transcription Factor
Cdk9,Transcription Factor
Cdkn1a,Transcription Factor
Cdkn2a,Transcription Factor
Cdx1,Transcription Factor
Cdx2,Transcription Factor
Cdx4,Transcription Factor
Cebpa,Transcription Factor
Cebpb,Transcription Factor
Cebpd,Transcription Factor
Cebpe,Transcription Factor
Cebpg,Transcription Factor
Cebpz,Transcription Factor
Cic,Transcription Factor
Ciita,Transcription Factor
Cited1,Transcription Factor
Cited2,Transcription Factor
Cited4,Transcription Factor
Clock,Transcription Factor
Cnot1,Transcription Factor
Cnot3,Transcription Factor
Cnot7,Transcription Factor
Cops2,Transcription Factor
Cphx,Transcription Factor
Creb1,Transcription Factor
Creb3,Transcription Factor
Creb3l1,Transcription Factor
Creb3l3,Transcription Factor
Creb3l4,Transcription Factor
Crebbp,Transcription Factor
Crebzf,Transcription Factor
Creg1,Transcription Factor
Crem,Transcription Factor
Crx,Transcription Factor
Ctbp1,Transcription Factor
Ctbp2,Transcription Factor
Ctcf,Transcription Factor
Ctcfl,Transcription Factor
Ctnnb1,Transcription Factor
Cux1,Transcription Factor
Cux2,Transcription Factor
Daxx,Transcription Factor
Dbp,Transcription Factor
Dbx1,Transcription Factor
Dbx2,Transcription Factor
Dcp1a,Transcription Factor
Ddb1,Transcription Factor
Ddit3,Transcription Factor
Ddx3x,Transcription Factor
Ddx5,Transcription Factor
Dlx1,Transcription Factor
Dlx2,Transcription Factor
Dlx3,Transcription Factor
Dlx4,Transcription Factor
Dlx5,Transcription Factor
Dlx6,Transcription Factor
Dmbx1,Transcription Factor
Dmrt1,Transcription Factor
Dmrt2,Transcription Factor
Dmrt3,Transcription Factor
Dmrta1,Transcription Factor
Dmrta2,Transcription Factor
Dmrtc2,Transcription Factor
Dmtf1,Transcription Factor
Dpf1,Transcription Factor
Dpf2,Transcription Factor
Dpf3,Transcription Factor
Drap1,Transcription Factor
Dtx1,Transcription Factor
Duxbl,Transcription Factor
Dvl1,Transcription Factor
E2f1,Transcription Factor
E2f2,Transcription Factor
E2f3,Transcription Factor
E2f4,Transcription Factor
E2f5,Transcription Factor
E2f6,Transcription Factor
E2f7,Transcription Factor
E2f8,Transcription Factor
E4f1,Transcription Factor
Eaf2,Transcription Factor
Ebf1,Transcription Factor
Eed,Transcription Factor
Egf,Transcription Factor
Egr1,Transcription Factor
Egr2,Transcription Factor
Egr3,Transcription Factor
Egr4,Transcription Factor
Ehf,Transcription Factor
Eid1,Transcription Factor
Eid2,Transcription Factor
Elf1,Transcription Factor
Elf2,Transcription Factor
Elf3,Transcription Factor
Elf4,Transcription Factor
Elf5,Transcription Factor
Elk1,Transcription Factor
Elk3,Transcription Factor
Elk4,Transcription Factor
Elp2,Transcription Factor
Emx1,Transcription Factor
Emx2,Transcription Factor
En1,Transcription Factor
En2,Transcription Factor
Eomes,Transcription Factor
Ep300,Transcription Factor
Epas1,Transcription Factor
Eps15,Transcription Factor
Erf,Transcription Factor
Esr1,Transcription Factor
Esr2,Transcription Factor
Esrra,Transcription Factor
Esrrb,Transcription Factor
Esrrg,Transcription Factor
Esx1,Transcription Factor
Ets1,Transcription Factor
Ets2,Transcription Factor
Etv1,Transcription Factor
Etv3,Transcription Factor
Etv4,Transcription Factor
Etv5,Transcription Factor
Evx2,Transcription Factor
Ewsr1,Transcription Factor
Ezh1,Transcription Factor
Ezh2,Transcription Factor
Fancd2,Transcription Factor
Farsa,Transcription Factor
Ferd3l,Transcription Factor
Fev,Transcription Factor
Fezf1,Transcription Factor
Fezf2,Transcription Factor
Fhl2,Transcription Factor
Figla,Transcription Factor
Fiz1,Transcription Factor
Fli1,Transcription Factor
Fos,Transcription Factor
Fosb,Transcription Factor
Fosl1,Transcription Factor
Fosl2,Transcription Factor
Foxa1,Transcription Factor
Foxa2,Transcription Factor
Foxa3,Transcription Factor
Foxb1,Transcription Factor
Foxb2,Transcription Factor
Foxc1,Transcription Factor
Foxc2,Transcription Factor
Foxd1,Transcription Factor
Foxd2,Transcription Factor
Foxd3,Transcription Factor
Foxd4,Transcription Factor
Foxe1,Transcription Factor
Foxe3,Transcription Factor
Foxf2,Transcription Factor
Foxg1,Transcription Factor
Foxh1,Transcription Factor
Foxi1,Transcription Factor
Foxi2,Transcription Factor
Foxi3,Transcription Factor
Foxj1,Transcription Factor
Foxj2,Transcription Factor
Foxj3,Transcription Factor
Foxk1,Transcription Factor
Foxk2,Transcription Factor
Foxl1,Transcription Factor
Foxl2,Transcription Factor
Foxm1,Transcription Factor
Foxn1,Transcription Factor
Foxn2,Transcription Factor
Foxn3,Transcription Factor
Foxn4,Transcription Factor
Foxo1,Transcription Factor
Foxo3,Transcription Factor
Foxo4,Transcription Factor
Foxo6,Transcription Factor
Foxp1,Transcription Factor
Foxp2,Transcription Factor
Foxp3,Transcription Factor
Foxp4,Transcription Factor
Foxq1,Transcription Factor
Foxr1,Transcription Factor
Foxr2,Transcription Factor
Foxs1,Transcription Factor
Fus,Transcription Factor
Gabpa,Transcription Factor
Gadd45a,Transcription Factor
Gata1,Transcription Factor
Gata2,Transcription Factor
Gata3,Transcription Factor
Gata4,Transcription Factor
Gata5,Transcription Factor
Gata6,Transcription Factor
Gatad1,Transcription Factor
Gatad2b,Transcription Factor
Gbx1,Transcription Factor
Gbx2,Transcription Factor
Gcm1,Transcription Factor
Gcm2,Transcription Factor
Gfi1,Transcription Factor
Gli1,Transcription Factor
Gli2,Transcription Factor
Gli3,Transcription Factor
Glis1,Transcription Factor
Glis2,Transcription Factor
Glis3,Transcription Factor
Gm10770,Transcription Factor
Gmeb1,Transcription Factor
Gmeb2,Transcription Factor
Grhl1,Transcription Factor
Grhl2,Transcription Factor
Grhl3,Transcription Factor
Grlf1,Transcription Factor
Gsc,Transcription Factor
Gsx1,Transcription Factor
Gsx2,Transcription Factor
Gtf2a1l,Transcription Factor
Gtf2b,Transcription Factor
Gtf2h1,Transcription Factor
Gtf2h2,Transcription Factor
Gtf2h4,Transcription Factor
Gtf2i,Transcription Factor
Gtf2ird1,Transcription Factor
Gtf2ird2,Transcription Factor
Gtf3a,Transcription Factor
Gtf3c1,Transcription Factor
Gzf1,Transcription Factor
Hand1,Transcription Factor
Hand2,Transcription Factor
Hcfc1,Transcription Factor
Hdac1,Transcription Factor
Hdac10,Transcription Factor
Hdac2,Transcription Factor
Hdac3,Transcription Factor
Hdac4,Transcription Factor
Hdac5,Transcription Factor
Hdac6,Transcription Factor
Hdac7,Transcription Factor
Hdac8,Transcription Factor
Hdac9,Transcription Factor
Hdx,Transcription Factor
Helt,Transcription Factor
Hes1,Transcription Factor
Hes2,Transcription Factor
Hes3,Transcription Factor
Hes5,Transcription Factor
Hes6,Transcription Factor
Hes7,Transcription Factor
Hesx1,Transcription Factor
Hey1,Transcription Factor
Hey2,Transcription Factor
Heyl,Transcription Factor
Hhex,Transcription Factor
Hic1,Transcription Factor
Hif1a,Transcription Factor
Hif3a,Transcription Factor
Hinfp,Transcription Factor
Hivep1,Transcription Factor
Hivep2,Transcription Factor
Hlf,Transcription Factor
Hltf,Transcription Factor
Hlx,Transcription Factor
Hmbox1,Transcription Factor
Hmga1-rs1,Transcription Factor
Hmgb1,Transcription Factor
Hmgb2,Transcription Factor
Hmgn1,Transcription Factor
Hmgn3,Transcription Factor
Hmx1,Transcription Factor
Hmx2,Transcription Factor
Hmx3,Transcription Factor
Hnf1a,Transcription Factor
Hnf1b,Transcription Factor
Hnf4a,Transcription Factor
Hnrnpa3,Transcription Factor
Hnrnpab,Transcription Factor
Hnrnpc,Transcription Factor
Hnrnpk,Transcription Factor
Hnrnpl,Transcription Factor
Hnrnpu,Transcription Factor
Hnrpdl,Transcription Factor
Homez,Transcription Factor
Hopx,Transcription Factor
Hoxa1,Transcription Factor
Hoxa10,Transcription Factor
Hoxa11,Transcription Factor
Hoxa13,Transcription Factor
Hoxa2,Transcription Factor
Hoxa3,Transcription Factor
Hoxa4,Transcription Factor
Hoxa5,Transcription Factor
Hoxa6,Transcription Factor
Hoxa7,Transcription Factor
Hoxa9,Transcription Factor
Hoxb1,Transcription Factor
Hoxb13,Transcription Factor
Hoxb2,Transcription Factor
Hoxb3,Transcription Factor
Hoxb4,Transcription Factor
Hoxb5,Transcription Factor
Hoxb6,Transcription Factor
Hoxb7,Transcription Factor
Hoxb8,Transcription Factor
Hoxb9,Transcription Factor
Hoxc10,Transcription Factor
Hoxc11,Transcription Factor
Hoxc12,Transcription Factor
Hoxc13,Transcription Factor
Hoxc4,Transcription Factor
Hoxc5,Transcription Factor
Hoxc6,Transcription Factor
Hoxc8,Transcription Factor
Hoxc9,Transcription Factor
Hoxd1,Transcription Factor
Hoxd10,Transcription Factor
Hoxd11,Transcription Factor
Hoxd12,Transcription Factor
Hoxd13,Transcription Factor
Hoxd3,Transcription Factor
Hoxd8,Transcription Factor
Hoxd9,Transcription Factor
Hsbp1,Transcription Factor
Hsf1,Transcription Factor
Hsf2,Transcription Factor
Hsf3,Transcription Factor
Hsf4,Transcription Factor
Hsf5,Transcription Factor
Hsfy2,Transcription Factor
Htatsf1,Transcription Factor
Id1,Transcription Factor
Id2,Transcription Factor
Id3,Transcription Factor
Id4,Transcription Factor
Igkv4-80,Transcription Factor
Ikzf1,Transcription Factor
Ikzf2,Transcription Factor
Ikzf3,Transcription Factor
Ikzf4,Transcription Factor
Ikzf5,Transcription Factor
Irf1,Transcription Factor
Irf2,Transcription Factor
Irf2bp1,Transcription Factor
Irf3,Transcription Factor
Irf4,Transcription Factor
Irf5,Transcription Factor
Irf6,Transcription Factor
Irf7,Transcription Factor
Irf8,Transcription Factor
Irf9,Transcription Factor
Irx1,Transcription Factor
Irx2,Transcription Factor
Irx3,Transcription Factor
Irx4,Transcription Factor
Irx5,Transcription Factor
Irx6,Transcription Factor
Isl1,Transcription Factor
Isl2,Transcription Factor
Isx,Transcription Factor
Itgb3bp,Transcription Factor
Jarid2,Transcription Factor
Jdp2,Transcription Factor
Jun,Transcription Factor
Junb,Transcription Factor
Jund,Transcription Factor
Kat2a,Transcription Factor
Kat2b,Transcription Factor
Kat5,Transcription Factor
Kcnip3,Transcription Factor
Kdm5a,Transcription Factor
Kdm5b,Transcription Factor
Kdm5c,Transcription Factor
Kdm5d,Transcription Factor
Klf1,Transcription Factor
Klf10,Transcription Factor
Klf12,Transcription Factor
Klf13,Transcription Factor
Klf15,Transcription Factor
Klf16,Transcription Factor
Klf4,Transcription Factor
Klf5,Transcription Factor
Klf7,Transcription Factor
Klf9,Transcription Factor
Lbx1,Transcription Factor
Lbx2,Transcription Factor
Lcor,Transcription Factor
Lef1,Transcription Factor
Lhx1,Transcription Factor
Lhx2,Transcription Factor
Lhx3,Transcription Factor
Lhx4,Transcription Factor
Lhx5,Transcription Factor
Lhx6,Transcription Factor
Lhx8,Transcription Factor
Lhx9,Transcription Factor
Lmx1a,Transcription Factor
Lmx1b,Transcription Factor
Lpp,Transcription Factor
Lsr,Transcription Factor
Lyl1,Transcription Factor
Lztfl1,Transcription Factor
Lzts1,Transcription Factor
Lzts2,Transcription Factor
Mafa,Transcription Factor
Mafb,Transcription Factor
Maff,Transcription Factor
Mafg,Transcription Factor
Mafk,Transcription Factor
Maml1,Transcription Factor
Maml3,Transcription Factor
Max,Transcription Factor
Maz,Transcription Factor
Mbd1,Transcription Factor
Mbd2,Transcription Factor
Mdfi,Transcription Factor
Mdm2,Transcription Factor
Mdm4,Transcription Factor
Mecom,Transcription Factor
Mecp2,Transcription Factor
Med1,Transcription Factor
Med12,Transcription Factor
Med13l,Transcription Factor
Med14,Transcription Factor
Med15,Transcription Factor
Med16,Transcription Factor
Med17,Transcription Factor
Med21,Transcription Factor
Med23,Transcription Factor
Med24,Transcription Factor
Med31,Transcription Factor
Med6,Transcription Factor
Mef2a,Transcription Factor
Mef2b,Transcription Factor
Mef2d,Transcription Factor
Meis1,Transcription Factor
Meis2,Transcription Factor
Meis3,Transcription Factor
Meox1,Transcription Factor
Meox2,Transcription Factor
Mesp2,Transcription Factor
Mitf,Transcription Factor
Mixl1,Transcription Factor
Mkl2,Transcription Factor
Mkx,Transcription Factor
Mll1,Transcription Factor
Mllt1,Transcription Factor
Mllt10,Transcription Factor
Mllt11,Transcription Factor
Mllt3,Transcription Factor
Mllt4,Transcription Factor
Mllt6,Transcription Factor
Mlx,Transcription Factor
Mlxip,Transcription Factor
Mlxipl,Transcription Factor
Mn1,Transcription Factor
Mnat1,Transcription Factor
Mnt,Transcription Factor
Mnx1,Transcription Factor
Msc,Transcription Factor
Msx1,Transcription Factor
Msx2,Transcription Factor
Msx3,Transcription Factor
Mta1,Transcription Factor
Mta2,Transcription Factor
Mtf1,Transcription Factor
Mtf2,Transcription Factor
Mxd1,Transcription Factor
Mxd3,Transcription Factor
Mxd4,Transcription Factor
Mxi1,Transcription Factor
Myb,Transcription Factor
Mybbp1a,Transcription Factor
Mybl1,Transcription Factor
Mybl2,Transcription Factor
Myc,Transcription Factor
Mycbp,Transcription Factor
Mycl1,Transcription Factor
Mycn,Transcription Factor
Myef2,Transcription Factor
Myf5,Transcription Factor
Myf6,Transcription Factor
Myod1,Transcription Factor
Myog,Transcription Factor
Myst3,Transcription Factor
Myt1,Transcription Factor
Myt1l,Transcription Factor
Mzf1,Transcription Factor
Nab2,Transcription Factor
Nanog,Transcription Factor
Ncoa1,Transcription Factor
Ncoa2,Transcription Factor
Ncoa3,Transcription Factor
Ncoa4,Transcription Factor
Ncoa5,Transcription Factor
Ncoa6,Transcription Factor
Ncoa7,Transcription Factor
Ncor1,Transcription Factor
Ncor2,Transcription Factor
Neurod1,Transcription Factor
Neurod2,Transcription Factor
Neurod4,Transcription Factor
Neurod6,Transcription Factor
Neurog1,Transcription Factor
Neurog2,Transcription Factor
Neurog3,Transcription Factor
Nfat5,Transcription Factor
Nfatc1,Transcription Factor
Nfatc2,Transcription Factor
Nfatc3,Transcription Factor
Nfatc4,Transcription Factor
Nfe2,Transcription Factor
Nfe2l1,Transcription Factor
Nfe2l2,Transcription Factor
Nfe2l3,Transcription Factor
Nfia,Transcription Factor
Nfic,Transcription Factor
Nfil3,Transcription Factor
Nfix,Transcription Factor
Nfkb1,Transcription Factor
Nfkb2,Transcription Factor
Nfkbia,Transcription Factor
Nfkbiz,Transcription Factor
Nfx1,Transcription Factor
Nfxl1,Transcription Factor
Nfya,Transcription Factor
Nfyb,Transcription Factor
Nfyc,Transcription Factor
Nhlh1,Transcription Factor
Nhlh2,Transcription Factor
Nkx1-2,Transcription Factor
Nkx2-1,Transcription Factor
Nkx2-3,Transcription Factor
Nkx2-5,Transcription Factor
Nkx2-6,Transcription Factor
Nkx2-9,Transcription Factor
Nkx3-1,Transcription Factor
Nkx3-2,Transcription Factor
Nkx6-1,Transcription Factor
Nkx6-2,Transcription Factor
Nobox,Transcription Factor
Nop2,Transcription Factor
Notch1,Transcription Factor
Notch2,Transcription Factor
Notch3,Transcription Factor
Noto,Transcription Factor
Npas1,Transcription Factor
Npas2,Transcription Factor
Npas3,Transcription Factor
Npas4,Transcription Factor
Npm1,Transcription Factor
Nr0b1,Transcription Factor
Nr1d1,Transcription Factor
Nr1d2,Transcription Factor
Nr1h2,Transcription Factor
Nr1h3,Transcription Factor
Nr1h4,Transcription Factor
Nr1h5,Transcription Factor
Nr1i2,Transcription Factor
Nr1i3,Transcription Factor
Nr2c1,Transcription Factor
Nr2c2,Transcription Factor
Nr2e1,Transcription Factor
Nr2e3,Transcription Factor
Nr2f1,Transcription Factor
Nr2f2,Transcription Factor
Nr2f6,Transcription Factor
Nr3c1,Transcription Factor
Nr3c2,Transcription Factor
Nr4a1,Transcription Factor
Nr4a2,Transcription Factor
Nr4a3,Transcription Factor
Nr5a1,Transcription Factor
Nr5a2,Transcription Factor
Nr6a1,Transcription Factor
Nrf1,Transcription Factor
Nrg1,Transcription Factor
Nrip1,Transcription Factor
Nrip3,Transcription Factor
Nrl,Transcription Factor
Nsd1,Transcription Factor
Nufip1,Transcription Factor
Nup98,Transcription Factor
Obox1,Transcription Factor
Obox2,Transcription Factor
Obox3,Transcription Factor
Obox5,Transcription Factor
Obox6,Transcription Factor
Olig1,Transcription Factor
Olig2,Transcription Factor
Olig3,Transcription Factor
Onecut1,Transcription Factor
Onecut2,Transcription Factor
Onecut3,Transcription Factor
Otx2,Transcription Factor
Ovol1,Transcription Factor
Ovol2,Transcription Factor
Pabpn1,Transcription Factor
Parp1,Transcription Factor
Parp12,Transcription Factor
Parp4,Transcription Factor
Patz1,Transcription Factor
Pax1,Transcription Factor
Pax2,Transcription Factor
Pax3,Transcription Factor
Pax4,Transcription Factor
Pax5,Transcription Factor
Pax6,Transcription Factor
Pax7,Transcription Factor
Pax8,Transcription Factor
Pax9,Transcription Factor
Paxip1,Transcription Factor
Pbrm1,Transcription Factor
Pbx1,Transcription Factor
Pbx2,Transcription Factor
Pbx3,Transcription Factor
Pbx4,Transcription Factor
Pcbd1,Transcription Factor
Pcbp1,Transcription Factor
Pcbp2,Transcription Factor
Pcbp3,Transcription Factor
Pcgf2,Transcription Factor
Pcgf6,Transcription Factor
Pdcd7,Transcription Factor
Pdx1,Transcription Factor
Per1,Transcription Factor
Per2,Transcription Factor
Per3,Transcription Factor
Pgr,Transcription Factor
Pgs1,Transcription Factor
Phb2,Transcription Factor
Phf1,Transcription Factor
Phf17,Transcription Factor
Phf20,Transcription Factor
Phf21a,Transcription Factor
Phox2a,Transcription Factor
Phox2b,Transcription Factor
Pias1,Transcription Factor
Pias2,Transcription Factor
Pias3,Transcription Factor
Pias4,Transcription Factor
Pin1,Transcription Factor
Pitx1,Transcription Factor
Pitx2,Transcription Factor
Pitx3,Transcription Factor
Pknox1,Transcription Factor
Pknox2,Transcription Factor
Plag1,Transcription Factor
Plagl1,Transcription Factor
Plagl2,Transcription Factor
Pml,Transcription Factor
Polr1b,Transcription Factor
Polr2a,Transcription Factor
Polr2b,Transcription Factor
Polr2j,Transcription Factor
Polr2k,Transcription Factor
Pou1f1,Transcription Factor
Pou2af1,Transcription Factor
Pou2f1,Transcription Factor
Pou2f2,Transcription Factor
Pou2f3,Transcription Factor
Pou3f1,Transcription Factor
Pou3f2,Transcription Factor
Pou3f3,Transcription Factor
Pou3f4,Transcription Factor
Pou4f1,Transcription Factor
Pou4f2,Transcription Factor
Pou4f3,Transcription Factor
Pou5f1,Transcription Factor
Pou6f1,Transcription Factor
Pou6f2,Transcription Factor
Ppara,Transcription Factor
Ppard,Transcription Factor
Pparg,Transcription Factor
Ppargc1b,Transcription Factor
Pqbp1,Transcription Factor
Prdm1,Transcription Factor
Preb,Transcription Factor
Prop1,Transcription Factor
Prox1,Transcription Factor
Prox2,Transcription Factor
Prrx1,Transcription Factor
Prrx2,Transcription Factor
Prrxl1,Transcription Factor
Psmc5,Transcription Factor
Ptch1,Transcription Factor
Ptf1a,Transcription Factor
Pura,Transcription Factor
Purb,Transcription Factor
Rara,Transcription Factor
Rarb,Transcription Factor
Rarg,Transcription Factor
Rax,Transcription Factor
Rb1,Transcription Factor
Rbak,Transcription Factor
Rbbp7,Transcription Factor
Rbl1,Transcription Factor
Rbl2,Transcription Factor
Rbpj,Transcription Factor
Rbpjl,Transcription Factor
Rcor2,Transcription Factor
Rel,Transcription Factor
Rela,Transcription Factor
Relb,Transcription Factor
Rere,Transcription Factor
Rest,Transcription Factor
Rfx1,Transcription Factor
Rfx2,Transcription Factor
Rfx4,Transcription Factor
Rfx5,Transcription Factor
Rfxank,Transcription Factor
Rfxap,Transcription Factor
Rhox1,Transcription Factor
Rhox10,Transcription Factor
Rhox11,Transcription Factor
Rhox12,Transcription Factor
Rhox13,Transcription Factor
Rhox2a,Transcription Factor
Rhox2b,Transcription Factor
Rhox2c,Transcription Factor
Rhox2d,Transcription Factor
Rhox2e,Transcription Factor
Rhox2f,Transcription Factor
Rhox2g,Transcription Factor
Rhox2h,Transcription Factor
Rhox3a,Transcription Factor
Rhox3e,Transcription Factor
Rhox3f,Transcription Factor
Rhox3h,Transcription Factor
Rhox4a,Transcription Factor
Rhox4b,Transcription Factor
Rhox4c,Transcription Factor
Rhox4d,Transcription Factor
Rhox4e,Transcription Factor
Rhox4f,Transcription Factor
Rhox4g,Transcription Factor
Rhox5,Transcription Factor
Rhox6,Transcription Factor
Rhox7,Transcription Factor
Rhox8,Transcription Factor
Rhox9,Transcription Factor
Ring1,Transcription Factor
Rnf14,Transcription Factor
Rnf2,Transcription Factor
Rnf25,Transcription Factor
Rnf4,Transcription Factor
Rora,Transcription Factor
Rorb,Transcription Factor
Rorc,Transcription Factor
Rpl7,Transcription Factor
Rpl7a,Transcription Factor
Rreb1,Transcription Factor
Rrn3,Transcription Factor
Rsl1,Transcription Factor
Runx1,Transcription Factor
Runx1t1,Transcription Factor
Runx2,Transcription Factor
Runx3,Transcription Factor
Rxra,Transcription Factor
Rxrb,Transcription Factor
Rxrg,Transcription Factor
Rybp,Transcription Factor
Safb,Transcription Factor
Safb2,Transcription Factor
Sall1,Transcription Factor
Sall2,Transcription Factor
Sall3,Transcription Factor
Sall4,Transcription Factor
Satb1,Transcription Factor
Satb2,Transcription Factor
Scmh1,Transcription Factor
Scml2,Transcription Factor
Scrt1,Transcription Factor
Scrt2,Transcription Factor
Scx,Transcription Factor
Sebox,Transcription Factor
Sertad1,Transcription Factor
Sertad2,Transcription Factor
Setdb1,Transcription Factor
Setdb2,Transcription Factor
Sfpi1,Transcription Factor
Shox2,Transcription Factor
Sim2,Transcription Factor
Sin3a,Transcription Factor
Sin3b,Transcription Factor
Sirt2,Transcription Factor
Sirt3,Transcription Factor
Six1,Transcription Factor
Six2,Transcription Factor
Six3,Transcription Factor
Six4,Transcription Factor
Six5,Transcription Factor
Six6,Transcription Factor
Ski,Transcription Factor
Skil,Transcription Factor
Smad3,Transcription Factor
Smad5,Transcription Factor
Smad7,Transcription Factor
Smad9,Transcription Factor
Smarca1,Transcription Factor
Smarca2,Transcription Factor
Smarca4,Transcription Factor
Smarca5,Transcription Factor
Smarcal1,Transcription Factor
Smarcb1,Transcription Factor
Smarcc1,Transcription Factor
Smarcd1,Transcription Factor
Smarcd2,Transcription Factor
Smarcd3,Transcription Factor
Smarce1,Transcription Factor
Smyd1,Transcription Factor
Smyd3,Transcription Factor
Snai1,Transcription Factor
Snai2,Transcription Factor
Snai3,Transcription Factor
Snapc4,Transcription Factor
Snrpc,Transcription Factor
Snurf,Transcription Factor
Snw1,Transcription Factor
Sohlh1,Transcription Factor
Son,Transcription Factor
Sox1,Transcription Factor
Sox10,Transcription Factor
Sox11,Transcription Factor
Sox13,Transcription Factor
Sox14,Transcription Factor
Sox15,Transcription Factor
Sox17,Transcription Factor
Sox18,Transcription Factor
Sox2,Transcription Factor
Sox21,Transcription Factor
Sox3,Transcription Factor
Sox4,Transcription Factor
Sox5,Transcription Factor
Sox6,Transcription Factor
Sox7,Transcription Factor
Sox8,Transcription Factor
Sox9,Transcription Factor
Sp1,Transcription Factor
Sp100,Transcription Factor
Sp110,Transcription Factor
Sp2,Transcription Factor
Sp3,Transcription Factor
Sp4,Transcription Factor
Sp5,Transcription Factor
Sp6,Transcription Factor
Sp7,Transcription Factor
Sp8,Transcription Factor
Sp9,Transcription Factor
Spdef,Transcription Factor
Spen,Transcription Factor
Spib,Transcription Factor
Spic,Transcription Factor
Spz1,Transcription Factor
Sra1,Transcription Factor
Srebf1,Transcription Factor
Srebf2,Transcription Factor
Srf,Transcription Factor
Sry,Transcription Factor
Ssrp1,Transcription Factor
Ssxb1,Transcription Factor
Ssxb2,Transcription Factor
Stat1,Transcription Factor
Stat2,Transcription Factor
Stat3,Transcription Factor
Stat4,Transcription Factor
Stat5a,Transcription Factor
Stat5b,Transcription Factor
Stat6,Transcription Factor
Strn,Transcription Factor
Sub1,Transcription Factor
Supt16h,Transcription Factor
Supt4h1,Transcription Factor
Supt5h,Transcription Factor
Suv39h1,Transcription Factor
Suv39h2,Transcription Factor
Suz12,Transcription Factor
T,Transcription Factor
Tada3,Transcription Factor
Taf1,Transcription Factor
Taf10,Transcription Factor
Taf11,Transcription Factor
Taf12,Transcription Factor
Taf1c,Transcription Factor
Taf2,Transcription Factor
Taf3,Transcription Factor
Taf4b,Transcription Factor
Taf6,Transcription Factor
Taf6l,Transcription Factor
Taf7,Transcription Factor
Taf7l,Transcription Factor
Taf8,Transcription Factor
Taf9,Transcription Factor
Tal1,Transcription Factor
Tal2,Transcription Factor
Tbl1x,Transcription Factor
Tbpl1,Transcription Factor
Tbr1,Transcription Factor
Tbx1,Transcription Factor
Tbx15,Transcription Factor
Tbx18,Transcription Factor
Tbx19,Transcription Factor
Tbx2,Transcription Factor
Tbx20,Transcription Factor
Tbx21,Transcription Factor
Tbx22,Transcription Factor
Tbx3,Transcription Factor
Tbx4,Transcription Factor
Tbx5,Transcription Factor
Tbx6,Transcription Factor
Tcea2,Transcription Factor
Tcf12,Transcription Factor
Tcf15,Transcription Factor
Tcf20,Transcription Factor
Tcf21,Transcription Factor
Tcf23,Transcription Factor
Tcf3,Transcription Factor
Tcf4,Transcription Factor
Tcf7,Transcription Factor
Tcf7l1,Transcription Factor
Tcf7l2,Transcription Factor
Tcfl5,Transcription Factor
Tdg,Transcription Factor
Tead1,Transcription Factor
Tead2,Transcription Factor
Tead3,Transcription Factor
Tead4,Transcription Factor
Tef,Transcription Factor
Tfam,Transcription Factor
Tfdp1,Transcription Factor
Tfdp2,Transcription Factor
Tgfb1i1,Transcription Factor
Tgif1,Transcription Factor
Tgif2,Transcription Factor
Tgif2lx1,Transcription Factor
Tgif2lx2,Transcription Factor
Tgs1,Transcription Factor
Thra,Transcription Factor
Thrap3,Transcription Factor
Thrb,Transcription Factor
Tle1,Transcription Factor
Tle2,Transcription Factor
Tle3,Transcription Factor
Tle4,Transcription Factor
Tle6,Transcription Factor
Tlx1,Transcription Factor
Tlx2,Transcription Factor
Tlx3,Transcription Factor
Tmf1,Transcription Factor
Tnfaip3,Transcription Factor
Topors,Transcription Factor
Tox,Transcription Factor
Traf4,Transcription Factor
Trerf1,Transcription Factor
Trib3,Transcription Factor
Trim24,Transcription Factor
Trim28,Transcription Factor
Trim30a,Transcription Factor
Trim33,Transcription Factor
Trip11,Transcription Factor
Trp53,Transcription Factor
Trp63,Transcription Factor
Trp73,Transcription Factor
Trps1,Transcription Factor
Trrap,Transcription Factor
Tsc2,Transcription Factor
Tsc22d1,Transcription Factor
Tshz1,Transcription Factor
Tshz2,Transcription Factor
Tshz3,Transcription Factor
Tsn,Transcription Factor
Ttf1,Transcription Factor
Twist1,Transcription Factor
Twist2,Transcription Factor
Txk,Transcription Factor
Uaca,Transcription Factor
Ubp1,Transcription Factor
Ubtf,Transcription Factor
Uncx,Transcription Factor
Usf1,Transcription Factor
Usf2,Transcription Factor
Utf1,Transcription Factor
Vav1,Transcription Factor
Vax1,Transcription Factor
Vax2,Transcription Factor
Vdr,Transcription Factor
Vezf1,Transcription Factor
Vgll2,Transcription Factor
Vhl,Transcription Factor
Vsx1,Transcription Factor
Vsx2,Transcription Factor
Wiz,Transcription Factor
Wt1,Transcription Factor
Wwox,Transcription Factor
Wwtr1,Transcription Factor
Xbp1,Transcription Factor
Ybx1,Transcription Factor
Yy1,Transcription Factor
Zbed4,Transcription Factor
Zbtb1,Transcription Factor
Zbtb10,Transcription Factor
Zbtb12,Transcription Factor
Zbtb16,Transcription Factor
Zbtb17,Transcription Factor
Zbtb2,Transcription Factor
Zbtb20,Transcription Factor
Zbtb22,Transcription Factor
Zbtb24,Transcription Factor
Zbtb25,Transcription Factor
Zbtb26,Transcription Factor
Zbtb3,Transcription Factor
Zbtb32,Transcription Factor
Zbtb33,Transcription Factor
Zbtb34,Transcription Factor
Zbtb37,Transcription Factor
Zbtb38,Transcription Factor
Zbtb39,Transcription Factor
Zbtb4,Transcription Factor
Zbtb40,Transcription Factor
Zbtb41,Transcription Factor
Zbtb42,Transcription Factor
Zbtb43,Transcription Factor
Zbtb44,Transcription Factor
Zbtb45,Transcription Factor
Zbtb46,Transcription Factor
Zbtb48,Transcription Factor
Zbtb49,Transcription Factor
Zbtb5,Transcription Factor
Zbtb6,Transcription Factor
Zbtb7a,Transcription Factor
Zbtb7b,Transcription Factor
Zbtb7c,Transcription Factor
Zbtb8a,Transcription Factor
Zbtb8b,Transcription Factor
Zbtb9,Transcription Factor
Zc3h8,Transcription Factor
Zcchc4,Transcription Factor
Zeb1,Transcription Factor
Zeb2,Transcription Factor
Zfand5,Transcription Factor
Zfand6,Transcription Factor
Zfat,Transcription Factor
Zfhx2,Transcription Factor
Zfhx3,Transcription Factor
Zfhx4,Transcription Factor
Zfp1,Transcription Factor
Zfp101,Transcription Factor
Zfp105,Transcription Factor
Zfp106,Transcription Factor
Zfp108,Transcription Factor
Zfp109,Transcription Factor
Zfp11,Transcription Factor
Zfp110,Transcription Factor
Zfp111,Transcription Factor
Zfp112,Transcription Factor
Zfp113,Transcription Factor
Zfp114,Transcription Factor
Zfp12,Transcription Factor
Zfp120,Transcription Factor
Zfp128,Transcription Factor
Zfp13,Transcription Factor
Zfp131,Transcription Factor
Zfp14,Transcription Factor
Zfp142,Transcription Factor
Zfp143,Transcription Factor
Zfp146,Transcription Factor
Zfp148,Transcription Factor
Zfp157,Transcription Factor
Zfp160,Transcription Factor
Zfp161,Transcription Factor
Zfp167,Transcription Factor
Zfp169,Transcription Factor
Zfp174,Transcription Factor
Zfp180,Transcription Factor
Zfp182,Transcription Factor
Zfp184,Transcription Factor
Zfp187,Transcription Factor
Zfp189,Transcription Factor
Zfp191,Transcription Factor
Zfp192,Transcription Factor
Zfp2,Transcription Factor
Zfp202,Transcription Factor
Zfp207,Transcription Factor
Zfp212,Transcription Factor
Zfp213,Transcription Factor
Zfp217,Transcription Factor
Zfp219,Transcription Factor
Zfp229,Transcription Factor
Zfp235,Transcription Factor
Zfp236,Transcription Factor
Zfp238,Transcription Factor
Zfp239,Transcription Factor
Zfp248,Transcription Factor
Zfp251,Transcription Factor
Zfp26,Transcription Factor
Zfp260,Transcription Factor
Zfp263,Transcription Factor
Zfp27,Transcription Factor
Zfp273,Transcription Factor
Zfp275,Transcription Factor
Zfp276,Transcription Factor
Zfp277,Transcription Factor
Zfp28,Transcription Factor
Zfp281,Transcription Factor
Zfp282,Transcription Factor
Zfp286,Transcription Factor
Zfp287,Transcription Factor
Zfp292,Transcription Factor
Zfp295,Transcription Factor
Zfp296,Transcription Factor
Zfp3,Transcription Factor
Zfp30,Transcription Factor
Zfp300,Transcription Factor
Zfp316,Transcription Factor
Zfp317,Transcription Factor
Zfp319,Transcription Factor
Zfp322a,Transcription Factor
Zfp324,Transcription Factor
Zfp326,Transcription Factor
Zfp329,Transcription Factor
Zfp334,Transcription Factor
Zfp335,Transcription Factor
Zfp341,Transcription Factor
Zfp345,Transcription Factor
Zfp35,Transcription Factor
Zfp352,Transcription Factor
Zfp354a,Transcription Factor
Zfp354b,Transcription Factor
Zfp354c,Transcription Factor
Zfp358,Transcription Factor
Zfp36,Transcription Factor
Zfp362,Transcription Factor
Zfp365,Transcription Factor
Zfp366,Transcription Factor
Zfp367,Transcription Factor
Zfp369,Transcription Factor
Zfp37,Transcription Factor
Zfp382,Transcription Factor
Zfp420,Transcription Factor
Zfp384,Transcription Factor
Zfp386,Transcription Factor
Zfp39,Transcription Factor
Zfp397,Transcription Factor
Zfp398,Transcription Factor
Zfp40,Transcription Factor
Zfp407,Transcription Factor
Zfp408,Transcription Factor
Zfp41,Transcription Factor
Zfp410,Transcription Factor
Zfp418,Transcription Factor
Zfp42,Transcription Factor
Zfp422,Transcription Factor
Zfp423,Transcription Factor
Zfp426,Transcription Factor
Zfp429,Transcription Factor
Zfp438,Transcription Factor
Zfp442,Transcription Factor
Zfp444,Transcription Factor
Zfp445,Transcription Factor
Zfp446,Transcription Factor
Zfp449,Transcription Factor
Zfp451,Transcription Factor
Zfp454,Transcription Factor
Zfp455,Transcription Factor
Zfp456,Transcription Factor
Zfp457,Transcription Factor
Zfp458,Transcription Factor
Zfp459,Transcription Factor
Zfp46,Transcription Factor
Zfp462,Transcription Factor
Zfp467,Transcription Factor
Zfp472,Transcription Factor
Zfp473,Transcription Factor
Zfp488,Transcription Factor
Zfp498,Transcription Factor
Zfp503,Transcription Factor
Zfp507,Transcription Factor
Zfp51,Transcription Factor
Zfp512,Transcription Factor
Zfp513,Transcription Factor
Zfp516,Transcription Factor
Zfp518b,Transcription Factor
Zfp52,Transcription Factor
Zfp521,Transcription Factor
Zfp523,Transcription Factor
Zfp524,Transcription Factor
Zfp526,Transcription Factor
Zfp53,Transcription Factor
Zfp532,Transcription Factor
Zfp534,Transcription Factor
Zfp536,Transcription Factor
Zfp54,Transcription Factor
Zfp541,Transcription Factor
Zfp553,Transcription Factor
Zfp558,Transcription Factor
Zfp560,Transcription Factor
Zfp563,Transcription Factor
Zfp566,Transcription Factor
Zfp568,Transcription Factor
Zfp57,Transcription Factor
Zfp574,Transcription Factor
Zfp575,Transcription Factor
Zfp579,Transcription Factor
Zfp58,Transcription Factor
Zfp580,Transcription Factor
Zfp583,Transcription Factor
Zfp59,Transcription Factor
Zfp592,Transcription Factor
Zfp595,Transcription Factor
Zfp597,Transcription Factor
Zfp599,Transcription Factor
Zfp60,Transcription Factor
Zfp600,Transcription Factor
Zfp605,Transcription Factor
Zfp606,Transcription Factor
Zfp607,Transcription Factor
Zfp61,Transcription Factor
Zfp612,Transcription Factor
Zfp616,Transcription Factor
Zfp617,Transcription Factor
Zfp618,Transcription Factor
Zfp619,Transcription Factor
Zfp62,Transcription Factor
Zfp623,Transcription Factor
Zfp628,Transcription Factor
Zfp629,Transcription Factor
Zfp637,Transcription Factor
Zfp639,Transcription Factor
Zfp64,Transcription Factor
Zfp640,Transcription Factor
Zfp641,Transcription Factor
Zfp644,Transcription Factor
Zfp646,Transcription Factor
Zfp647,Transcription Factor
Zfp648,Transcription Factor
Zfp651,Transcription Factor
Zfp652,Transcription Factor
Zfp653,Transcription Factor
Zfp654,Transcription Factor
Zfp655,Transcription Factor
Zfp658,Transcription Factor
Zfp661,Transcription Factor
Zfp663,Transcription Factor
Zfp664,Transcription Factor
Zfp667,Transcription Factor
Zfp668,Transcription Factor
Zfp672,Transcription Factor
Zfp677,Transcription Factor
Zfp68,Transcription Factor
Zfp687,Transcription Factor
Zfp688,Transcription Factor
Zfp689,Transcription Factor
Zfp69,Transcription Factor
Zfp691,Transcription Factor
Zfp697,Transcription Factor
Zfp7,Transcription Factor
Zfp704,Transcription Factor
Zfp707,Transcription Factor
Zfp708,Transcription Factor
Zfp709,Transcription Factor
Zfp710,Transcription Factor
Zfp711,Transcription Factor
Zfp715,Transcription Factor
Zfp719,Transcription Factor
Zfp72,Transcription Factor
Zfp735,Transcription Factor
Zfp738,Transcription Factor
Zfp74,Transcription Factor
Zfp740,Transcription Factor
Zfp746,Transcription Factor
Zfp747,Transcription Factor
Zfp748,Transcription Factor
Zfp758,Transcription Factor
Zfp759,Transcription Factor
Zfp760,Transcription Factor
Zfp763,Transcription Factor
Zfp764,Transcription Factor
Zfp768,Transcription Factor
Zfp770,Transcription Factor
Zfp771,Transcription Factor
Zfp772,Transcription Factor
Zfp773,Transcription Factor
Zfp775,Transcription Factor
Zfp777,Transcription Factor
Zfp78,Transcription Factor
Zfp780b,Transcription Factor
Zfp783,Transcription Factor
Zfp784,Transcription Factor
Zfp786,Transcription Factor
Zfp787,Transcription Factor
Zfp788,Transcription Factor
Zfp790,Transcription Factor
Zfp791,Transcription Factor
Zfp799,Transcription Factor
Zfp800,Transcription Factor
Zfp808,Transcription Factor
Zfp809,Transcription Factor
Zfp81,Transcription Factor
Zfp810,Transcription Factor
Zfp811,Transcription Factor
Zfp819,Transcription Factor
Zfp82,Transcription Factor
Zfp820,Transcription Factor
Zfp821,Transcription Factor
Zfp825,Transcription Factor
Zfp827,Transcription Factor
Zfp828,Transcription Factor
Zfp831,Transcription Factor
Zfp839,Transcription Factor
Zfp84,Transcription Factor
Zfp846,Transcription Factor
Zfp865,Transcription Factor
Zfp866,Transcription Factor
Zfp867,Transcription Factor
Zfp868,Transcription Factor
Zfp869,Transcription Factor
Zfp87,Transcription Factor
Zfp870,Transcription Factor
Zfp871,Transcription Factor
Zfp872,Transcription Factor
Zfp873,Transcription Factor
Zfp882,Transcription Factor
Zfp9,Transcription Factor
Zfp90,Transcription Factor
Zfp91,Transcription Factor
Zfp92,Transcription Factor
Zfp93,Transcription Factor
Zfp94,Transcription Factor
Zfp97,Transcription Factor
Zfpm1,Transcription Factor
Zfpm2,Transcription Factor
Zfx,Transcription Factor
Zfy1,Transcription Factor
Zfy2,Transcription Factor
Zglp1,Transcription Factor
Zhx1,Transcription Factor
Zhx2,Transcription Factor
Zhx3,Transcription Factor
Zic1,Transcription Factor
Zic2,Transcription Factor
Zic3,Transcription Factor
Zic4,Transcription Factor
Zic5,Transcription Factor
Zik1,Transcription Factor
Zim1,Transcription Factor
Zkscan1,Transcription Factor
Zkscan14,Transcription Factor
Zkscan16,Transcription Factor
Zkscan17,Transcription Factor
Zkscan2,Transcription Factor
Zkscan3,Transcription Factor
Zkscan4,Transcription Factor
Zkscan5,Transcription Factor
Zkscan6,Transcription Factor
Zmat1,Transcription Factor
Zmat3,Transcription Factor
Zmiz1,Transcription Factor
Zmiz2,Transcription Factor
Zmym2,Transcription Factor
Zmynd10,Transcription Factor
Znf512b,Transcription Factor
Zscan10,Transcription Factor
Zscan12,Transcription Factor
Zscan18,Transcription Factor
Zscan2,Transcription Factor
Zscan20,Transcription Factor
Zscan21,Transcription Factor
Zscan22,Transcription Factor
Zscan29,Transcription Factor
Zscan30,Transcription Factor
Zscan4c,Transcription Factor
Zscan5b,Transcription Factor
Zxdb,Transcription Factor
Zxdc,Transcription Factor
Amh,Cytokines
Artn,Cytokines
Bdnf,Cytokines
Bmp10,Cytokines
Bmp15,Cytokines
Bmp2,Cytokines
Bmp3,Cytokines
Bmp5,Cytokines
Bmp6,Cytokines
Bmp8a,Cytokines
Bmp8b,Cytokines
C3,Cytokines
Ccbp2,Cytokines
Ccl1,Cytokines
Ccl11,Cytokines
Ccl12,Cytokines
Ccl17,Cytokines
Ccl19,Cytokines
Ccl2,Cytokines
Ccl20,Cytokines
Ccl21a,Cytokines
Ccl21b,Cytokines
Ccl21c,Cytokines
Ccl22,Cytokines
Ccl24,Cytokines
Ccl25,Cytokines
Ccl26,Cytokines
Ccl27a,Cytokines
Ccl28,Cytokines
Ccl3,Cytokines
Ccl4,Cytokines
Ccl5,Cytokines
Ccl6,Cytokines
Ccl7,Cytokines
Ccl8,Cytokines
Ccl9,Cytokines
Cga,Cytokines
Cish,Cytokines
Cklf,Cytokines
Clcf1,Cytokines
Cmtm1,Cytokines
Cmtm3,Cytokines
Cmtm4,Cytokines
Cmtm5,Cytokines
Cntf,Cytokines
Csf1,Cytokines
Csf2,Cytokines
Csf3,Cytokines
Ctf1,Cytokines
Cx3cl1,Cytokines
Cxcl1,Cytokines
Cxcl10,Cytokines
Cxcl11,Cytokines
Cxcl12,Cytokines
Cxcl13,Cytokines
Cxcl14,Cytokines
Cxcl15,Cytokines
Cxcl16,Cytokines
Cxcl17,Cytokines
Cxcl2,Cytokines
Cxcl3,Cytokines
Cxcl5,Cytokines
Cxcl9,Cytokines
Cytl1,Cytokines
Dock2,Cytokines
Epo,Cytokines
Fgf1,Cytokines
Fgf10,Cytokines
Fgf11,Cytokines
Fgf12,Cytokines
Fgf13,Cytokines
Fgf14,Cytokines
Fgf16,Cytokines
Fgf17,Cytokines
Fgf18,Cytokines
Fgf2,Cytokines
Fgf20,Cytokines
Fgf21,Cytokines
Fgf22,Cytokines
Fgf23,Cytokines
Fgf3,Cytokines
Fgf4,Cytokines
Fgf5,Cytokines
Fgf6,Cytokines
Fgf7,Cytokines
Fgf8,Cytokines
Fgf9,Cytokines
Figf,Cytokines
Fshb,Cytokines
Gdf1,Cytokines
Gdf10,Cytokines
Gdf11,Cytokines
Gdf15,Cytokines
Gdf2,Cytokines
Gdf3,Cytokines
Gdf5,Cytokines
Gdf6,Cytokines
Gdf7,Cytokines
Gdf9,Cytokines
Gdnf,Cytokines
Gh,Cytokines
Gpha2,Cytokines
Gphb5,Cytokines
Ifna1,Cytokines
Ifna11,Cytokines
Ifna12,Cytokines
Ifna13,Cytokines
Ifna14,Cytokines
Ifna2,Cytokines
Ifna4,Cytokines
Ifna5,Cytokines
Ifna6,Cytokines
Ifna7,Cytokines
Ifna9,Cytokines
Ifnab,Cytokines
Ifnb1,Cytokines
Ifne,Cytokines
Ifng,Cytokines
Ifnk,Cytokines
Ifnz,Cytokines
Il10,Cytokines
Il11,Cytokines
Il12a,Cytokines
Il12b,Cytokines
Il13,Cytokines
Il15,Cytokines
Il16,Cytokines
Il17a,Cytokines
Il17b,Cytokines
Il17c,Cytokines
Il17d,Cytokines
Il17f,Cytokines
Il18,Cytokines
Il19,Cytokines
Il1a,Cytokines
Il1b,Cytokines
Il1f10,Cytokines
Il1f5,Cytokines
Il1f6,Cytokines
Il1f8,Cytokines
Il1f9,Cytokines
Il1rn,Cytokines
Il2,Cytokines
Il20,Cytokines
Il21,Cytokines
Il22,Cytokines
Il23a,Cytokines
Il24,Cytokines
Il25,Cytokines
Il27,Cytokines
Il28a,Cytokines
Il28b,Cytokines
Il3,Cytokines
Il31,Cytokines
Il33,Cytokines
Il34,Cytokines
Il4,Cytokines
Il5,Cytokines
Il6,Cytokines
Il6st,Cytokines
Il7,Cytokines
Il9,Cytokines
Inha,Cytokines
Inhba,Cytokines
Inhbb,Cytokines
Inhbc,Cytokines
Inhbe,Cytokines
Kitl,Cytokines
Lefty1,Cytokines
Lefty2,Cytokines
Lep,Cytokines
Lhb,Cytokines
Lif,Cytokines
Mstn,Cytokines
Ngf,Cytokines
Nodal,Cytokines
Nrtn,Cytokines
Ntf3,Cytokines
Ntf5,Cytokines
Osm,Cytokines
Pdgfa,Cytokines
Pdgfb,Cytokines
Pdgfc,Cytokines
Pdgfd,Cytokines
Pf4,Cytokines
Pgf,Cytokines
Pomc,Cytokines
Ppbp,Cytokines
Prl,Cytokines
Pspn,Cytokines
Socs1,Cytokines
Socs2,Cytokines
Socs3,Cytokines
Socs4,Cytokines
Socs5,Cytokines
Socs6,Cytokines
Socs7,Cytokines
Tgfb1,Cytokines
Tgfb2,Cytokines
Tgfb3,Cytokines
Thpo,Cytokines
Tnf,Cytokines
Tnfsf10,Cytokines
Tnfsf11,Cytokines
Tnfsf12,Cytokines
Tnfsf13,Cytokines
Tnfsf13b,Cytokines
Tnfsf14,Cytokines
Tnfsf15,Cytokines
Tnfsf18,Cytokines
Tnfsf4,Cytokines
Tnfsf8,Cytokines
Tnfsf9,Cytokines
Tshb,Cytokines
Vegfa,Cytokines
Vegfb,Cytokines
Vegfc,Cytokines
Xcl1,Cytokines
Bcap31,Cytokine Receptor
C3ar1,Cytokine Receptor
C5ar1,Cytokine Receptor
Cd200r1,Cytokine Receptor
Cd200r2,Cytokine Receptor
Cd244,Cytokine Receptor
Cd247,Cytokine Receptor
Cd27,Cytokine Receptor
Cd300lf,Cytokine Receptor
Clec12a,Cytokine Receptor
Cr1l,Cytokine Receptor
Cr2,Cytokine Receptor
Csf1r,Cytokine Receptor
Csf2ra,Cytokine Receptor
Csf2rb,Cytokine Receptor
Csf3r,Cytokine Receptor
Cxcr6,Cytokine Receptor
Cysltr1,Cytokine Receptor
Ddr1,Cytokine Receptor
Fas,Cytokine Receptor
Fcamr,Cytokine Receptor
Fcer1a,Cytokine Receptor
Fcer1g,Cytokine Receptor
Fcgr2b,Cytokine Receptor
Fcgrt,Cytokine Receptor
Fcrl5,Cytokine Receptor
Fcrla,Cytokine Receptor
Fgfr1,Cytokine Receptor
Fgfr2,Cytokine Receptor
Fgfr3,Cytokine Receptor
Fgfr4,Cytokine Receptor
Hmmr,Cytokine Receptor
Hrh2,Cytokine Receptor
Hrh4,Cytokine Receptor
Ifnar2,Cytokine Receptor
Ifngr1,Cytokine Receptor
Ifngr2,Cytokine Receptor
Igf1r,Cytokine Receptor
Igf2r,Cytokine Receptor
Il10ra,Cytokine Receptor
Il10rb,Cytokine Receptor
Il12rb1,Cytokine Receptor
Il12rb2,Cytokine Receptor
Il13ra1,Cytokine Receptor
Il13ra2,Cytokine Receptor
Il15ra,Cytokine Receptor
Il17ra,Cytokine Receptor
Il17rb,Cytokine Receptor
Il17rc,Cytokine Receptor
Il17rd,Cytokine Receptor
Il17re,Cytokine Receptor
Il18r1,Cytokine Receptor
Il18rap,Cytokine Receptor
Il1r1,Cytokine Receptor
Il1r2,Cytokine Receptor
Il1rap,Cytokine Receptor
Il1rapl1,Cytokine Receptor
Il1rapl2,Cytokine Receptor
Il1rl1,Cytokine Receptor
Il1rl2,Cytokine Receptor
Il20ra,Cytokine Receptor
Il21r,Cytokine Receptor
Il22ra1,Cytokine Receptor
Il23r,Cytokine Receptor
Il28ra,Cytokine Receptor
Il2ra,Cytokine Receptor
Il2rb,Cytokine Receptor
Il2rg,Cytokine Receptor
Il31ra,Cytokine Receptor
Il3ra,Cytokine Receptor
Il5ra,Cytokine Receptor
Il7r,Cytokine Receptor
Il9r,Cytokine Receptor
Insr,Cytokine Receptor
Irak1,Cytokine Receptor
Irak1bp1,Cytokine Receptor
Irak2,Cytokine Receptor
Irak3,Cytokine Receptor
Irak4,Cytokine Receptor
Kdr,Cytokine Receptor
Kir3dl1,Cytokine Receptor
Kir3dl2,Cytokine Receptor
Klrb1,Cytokine Receptor
Klrc1,Cytokine Receptor
Klrc2,Cytokine Receptor
Klrd1,Cytokine Receptor
Lair1,Cytokine Receptor
Lifr,Cytokine Receptor
Lilra5,Cytokine Receptor
Lilra6,Cytokine Receptor
Lilrb3,Cytokine Receptor
Lilrb4,Cytokine Receptor
Ltb4r2,Cytokine Receptor
Ltbr,Cytokine Receptor
Marco,Cytokine Receptor
Mrc1,Cytokine Receptor
Mrc2,Cytokine Receptor
Msr1,Cytokine Receptor
Mst1r,Cytokine Receptor
Ncr1,Cytokine Receptor
Pilra,Cytokine Receptor
Pla2r1,Cytokine Receptor
Plaur,Cytokine Receptor
Procr,Cytokine Receptor
Ptafr,Cytokine Receptor
Ptgfrn,Cytokine Receptor
Ptpn22,Cytokine Receptor
Ptprc,Cytokine Receptor
Ptprcap,Cytokine Receptor
Ptprj,Cytokine Receptor
Pvr,Cytokine Receptor
Pvrl1,Cytokine Receptor
Pvrl2,Cytokine Receptor
Ripk1,Cytokine Receptor
Scarb1,Cytokine Receptor
Slamf6,Cytokine Receptor
Tfrc,Cytokine Receptor
Tlr1,Cytokine Receptor
Tlr2,Cytokine Receptor
Tlr4,Cytokine Receptor
Tlr5,Cytokine Receptor
Tnfrsf10b,Cytokine Receptor
Tnfrsf11a,Cytokine Receptor
Tnfrsf12a,Cytokine Receptor
Tnfrsf13b,Cytokine Receptor
Tnfrsf13c,Cytokine Receptor
Tnfrsf14,Cytokine Receptor
Tnfrsf17,Cytokine Receptor
Tnfrsf18,Cytokine Receptor
Tnfrsf1a,Cytokine Receptor
Tnfrsf1b,Cytokine Receptor
Tnfrsf4,Cytokine Receptor
Tnfrsf8,Cytokine Receptor
Tnfrsf9,Cytokine Receptor
Traf1,Cytokine Receptor
Traf2,Cytokine Receptor
Traf3,Cytokine Receptor
Traf3ip1,Cytokine Receptor
Traf5,Cytokine Receptor
Traf6,Cytokine Receptor
1500009L16Rik,Th1
1700025G04Rik,Th1
2610020H08Rik,Th1
4933430I17Rik,Th1
a,Th1
A530040E14Rik,Th1
AA467197,Th1
Aagab,Th1
Abhd17b,Th1
Abhd4,Th1
AC134826.1,Th1
AC157213.1,Th1
Acadl,Th1
Agfg2,Th1
Ahcy,Th1
Aldh5a1,Th1
Anxa2,Th1
Apold1,Th1
Arhgap18,Th1
Arhgef25,Th1
Arl5a,Th1
Arsb,Th1
Asns,Th1
Atp2b1,Th1
AW112010,Th1
B430306N03Rik,Th1
BC068157,Th1
Brdt,Th1
C920025E04Rik,Th1
Cab39,Th1
Cacna1h,Th1
Ccdc102a,Th1
Ccdc136,Th1
Ccr5,Th1
Cdkn2a,Th1
Cdkn2b,Th1
Cebpd,Th1
Chst11,Th1
Chsy1,Th1
Clic4,Th1
Cmas,Th1
Cpm,Th1
Csf1,Th1
Cxcr6,Th1
Cyb5r4,Th1
Cyp4f39,Th1
Cyp51,Th1
Dap,Th1
Dcun1d3,Th1
Dhcr7,Th1
Dnajc15,Th1
Dnm1,Th1
Dpysl2,Th1
Edem1,Th1
Efr3a,Th1
Elovl5,Th1
Elovl6,Th1
Emilin2,Th1
Epsti1,Th1
Espn,Th1
Etv5,Th1
Exoc6,Th1
Fam132a,Th1
Fasl,Th1
Fbln1,Th1
Fdft1,Th1
Fdps,Th1
Fggy,Th1
Filip1,Th1
Fkbp5,Th1
Flt4,Th1
Furin,Th1
Fxyd1,Th1
Fxyd5,Th1
Fxyd7,Th1
Gab3,Th1
Gadd45g,Th1
Galns,Th1
Galnt7,Th1
Gbe1,Th1
Gbp2,Th1
Gbp3,Th1
Gbp7,Th1
Gimap4,Th1
Gm12250,Th1
Gm4737,Th1
Gm4841,Th1
Gnaq,Th1
Gnb5,Th1
Gng2,Th1
Gpld1,Th1
Gpnmb,Th1
Gstm4,Th1
Gtf2i,Th1
Gyg,Th1
H2-T22,Th1
H2afy,Th1
Hectd1,Th1
Hexb,Th1
Hif1a,Th1
Hk1,Th1
Hlx,Th1
Hmgcr,Th1
Hmgcs1,Th1
Hopx,Th1
Hpse,Th1
Hspb6,Th1
Ifi204,Th1
Ifi44,Th1
Ifit2,Th1
Ifitm1,Th1
Ifitm2,Th1
Ifitm3,Th1
Ifng,Th1
Ifngr1,Th1
Igf2bp2,Th1
Il12rb2,Th1
Il18r1,Th1
Il18rap,Th1
Il34,Th1
Iqgap1,Th1
Irgm2,Th1
Itgb5,Th1
Itih5,Th1
Kcnab3,Th1
Kcnj8,Th1
Kif9,Th1
Klhl25,Th1
Klrc1,Th1
Lbr,Th1
Lca5,Th1
Ldlr,Th1
Lipa,Th1
Lnpep,Th1
Lrp12,Th1
Lrrc27,Th1
Lrrc8c,Th1
Lsr,Th1
Lss,Th1
Ly6c1,Th1
Ly6c2,Th1
Lysmd2,Th1
Man1a,Th1
Map2k5,Th1
Map3k5,Th1
Map3k8,Th1
Map6,Th1
Mapk3,Th1
Mbnl1,Th1
Mgarp,Th1
Morn4,Th1
Mxd1,Th1
Myadm,Th1
Myd88,Th1
Myl10,Th1
Nabp1,Th1
Nacc2,Th1
Ndnf,Th1
Ngly1,Th1
Nid2,Th1
Nlrp1a,Th1
Nono,Th1
Noxred1,Th1
Onecut2,Th1
Osbpl8,Th1
P2rx3,Th1
P2ry14,Th1
P4ha2,Th1
Padi2,Th1
Pak6,Th1
Palm,Th1
Pgm2,Th1
Phf11b,Th1
Picalm,Th1
Pik3ap1,Th1
Pim2,Th1
Plac8,Th1
Plcl2,Th1
Pld2,Th1
Pml,Th1
Ppp1r12a,Th1
Ppp1r3b,Th1
Prelid2,Th1
Prnp,Th1
Prss16,Th1
Prss57,Th1
Pten,Th1
Ptger3,Th1
Pygl,Th1
Qars,Th1
Rab31,Th1
Rassf4,Th1
Rdh11,Th1
Rell1,Th1
Rer1,Th1
Rgag4,Th1
RP23-285C18.2,Th1
Rufy4,Th1
Sc4mol,Th1
Scd1,Th1
Scd2,Th1
Scly,Th1
Sdc3,Th1
Sema3f,Th1
Sep-06,Th1
Serpinb6a,Th1
Serpine2,Th1
Slamf7,Th1
Slc7a5,Th1
Sntb2,Th1
Snx9,Th1
Sord,Th1
Sp140,Th1
Sptbn2,Th1
Ssr1,Th1
Ssrp1,Th1
St3gal4,Th1
Stard4,Th1
Ston2,Th1
Syngap1,Th1
Sytl3,Th1
Tagln2,Th1
Tap1,Th1
Tbkbp1,Th1
Tbx21,Th1
Tgtp1,Th1
Tgtp2,Th1
Themis,Th1
Tifab,Th1
Tm6sf1,Th1
Tmem106a,Th1
Tmem159,Th1
Tmem180,Th1
Tmem30a,Th1
Tmem71,Th1
Tmod2,Th1
Tmod3,Th1
Tns1,Th1
Tns4,Th1
Tpi1,Th1
Trim34a,Th1
Trim46,Th1
Trim5,Th1
Tspan3,Th1
Tuba1a,Th1
Tuba1b,Th1
Tuba1c,Th1
Tubb5,Th1
Ube2h,Th1
Uck2,Th1
Uhrf1bp1l,Th1
Ulbp1,Th1
Unc119b,Th1
Wdr78,Th1
Xcr1,Th1
Xdh,Th1
Xkr5,Th1
Yipf4,Th1
0610009D07Rik,Th2
1810022K09Rik,Th2
2700081O15Rik,Th2
2900011O08Rik,Th2
2900052L18Rik,Th2
4632434I11Rik,Th2
A730081D07Rik,Th2
Abat,Th2
Abca5,Th2
Abi3,Th2
AC117663.1,Th2
AC130841.1,Th2
Adal,Th2
Adam19,Th2
Adamtsl5,Th2
Adarb1,Th2
Adcy4,Th2
Ahr,Th2
Ahrr,Th2
Ahsa2,Th2
Aida,Th2
Akap1,Th2
Ankrd34b,Th2
Aplp2,Th2
Arhgef19,Th2
Armcx4,Th2
Armcx6,Th2
Asic3,Th2
Atp2a2,Th2
Atp6v0d2,Th2
Atxn10,Th2
B230120H23Rik,Th2
B3galnt2,Th2
BC030499,Th2
Bcl2a1d,Th2
Bhlhb9,Th2
Brix1,Th2
Camkk2,Th2
Capsl,Th2
Car12,Th2
Car13,Th2
Car5b,Th2
Ccdc112,Th2
Ccdc137,Th2
Ccdc41,Th2
Ccdc58,Th2
Ccne2,Th2
Ccp110,Th2
Cct6a,Th2
Cd24a,Th2
Cdc42bpa,Th2
Cdc42bpb,Th2
Cdh10,Th2
Cdk6,Th2
Cdkl3,Th2
Cep170,Th2
Cep290,Th2
Chek1,Th2
Cldn25,Th2
Cpd,Th2
Cpox,Th2
Cpsf2,Th2
Crispld2,Th2
Cse1l,Th2
Ctla2b,Th2
Ctps,Th2
Ctsc,Th2
Cubn,Th2
Cul1,Th2
Cyp1b1,Th2
D930048N14Rik,Th2
Ddx1,Th2
Dek,Th2
Dennd2c,Th2
Dgcr8,Th2
Dhfr,Th2
Dhx29,Th2
Dis3,Th2
Dlg2,Th2
Dna2,Th2
Dnttip2,Th2
Dock3,Th2
Dsel,Th2
Dst,Th2
Dtl,Th2
Dyrk4,Th2
Ehd4,Th2
Eif2b3,Th2
Emp1,Th2
Enpp2,Th2
Eogt,Th2
Exo1,Th2
Ezh2,Th2
Fabp5,Th2
Fam131b,Th2
Fam217b,Th2
Fam57a,Th2
Fam98a,Th2
Fanca,Th2
Fancm,Th2
Farp2,Th2
Farsb,Th2
Fastkd3,Th2
Fer1l6,Th2
Fignl1,Th2
Fktn,Th2
Fnbp1l,Th2
Fnip2,Th2
Frmd6,Th2
Fubp1,Th2
Gad2,Th2
Gatm,Th2
Gcnt2,Th2
Gemin6,Th2
Gfpt2,Th2
Glce,Th2
Gls2,Th2
Gm11648,Th2
Gm25663,Th2
Gm26394,Th2
Gm6166,Th2
Gmfb,Th2
Gnl3,Th2
Golm1,Th2
Gpr15,Th2
Hells,Th2
Hist1h2af,Th2
Hn1l,Th2
Hnrnpa2b1,Th2
Hnrnpr,Th2
Hspa9,Th2
Hspd1,Th2
Hsph1,Th2
Il17a,Th2
Il17f,Th2
Il2,Th2
Il21,Th2
Il2ra,Th2
Inhba,Th2
Ipo5,Th2
Irf4,Th2
Itpa,Th2
Jrkl,Th2
Katnbl1,Th2
Kdelc1,Th2
Kif3b,Th2
Kif5c,Th2
Knop1,Th2
Lbp,Th2
Lgr4,Th2
Lig1,Th2
Lpxn,Th2
Lrp1,Th2
Lrrc59,Th2
Lyar,Th2
Mak16,Th2
Malt1,Th2
Mat2a,Th2
Mcm10,Th2
Mcm3,Th2
Mcm8,Th2
Mlf1ip,Th2
Mphosph10,Th2
Mphosph6,Th2
Myh11,Th2
Myo3b,Th2
Myo5a,Th2
N4bp1,Th2
Naa15,Th2
Naa16,Th2
Nasp,Th2
Ncbp2,Th2
Nckap1,Th2
Ncs1,Th2
Ndufb4,Th2
Neu3,Th2
Nexn,Th2
Nfxl1,Th2
Noc3l,Th2
Nsf,Th2
Nudcd1,Th2
Nudt5,Th2
Nup133,Th2
Nup155,Th2
Nup85,Th2
Nup93,Th2
Nynrin,Th2
Orc1,Th2
Orc6,Th2
Osgin2,Th2
Pak1ip1,Th2
Palb2,Th2
Paqr8,Th2
Pax6,Th2
Pfas,Th2
Pgf,Th2
Pkhd1l1,Th2
Plagl2,Th2
Plod2,Th2
Pole,Th2
Pole3,Th2
Polr3g,Th2
Ppat,Th2
Ppid,Th2
Ppp1r14c,Th2
Ppp2r1b,Th2
Prim1,Th2
Prkci,Th2
Prkrir,Th2
Prps1,Th2
Prr5l,Th2
Psme3,Th2
Ptgfrn,Th2
Pus7,Th2
Rad1,Th2
Rad51ap1,Th2
Rbbp8,Th2
Rbmx2,Th2
Rdx,Th2
Rexo4,Th2
Rhot1,Th2
Rin2,Th2
Rnaseh2b,Th2
Rnmt,Th2
Rora,Th2
RP23-32L5.4,Th2
Scarna10,Th2
Scn4b,Th2
Sep-11,Th2
Serpine1,Th2
Sgk1,Th2
Sh3pxd2b,Th2
Shmt1,Th2
Skp2,Th2
Slc12a2,Th2
Slc19a2,Th2
Slc25a13,Th2
Slc39a1,Th2
Slc39a14,Th2
Slc43a3,Th2
Slc44a1,Th2
Slc4a8,Th2
Slc7a6,Th2
Slc9a5,Th2
Slmo2,Th2
Smarcc1,Th2
Smim3,Th2
Snhg5,Th2
Ssx2ip,Th2
St13,Th2
Stk35,Th2
Stx12,Th2
Stxbp4,Th2
Syn1,Th2
Taf2,Th2
Tbc1d24,Th2
Tdrkh,Th2
Tfap2a,Th2
Tfrc,Th2
Tgm2,Th2
Tgs1,Th2
Ticrr,Th2
Timm21,Th2
Timp1,Th2
Tln2,Th2
Tmtc2,Th2
Tmtc3,Th2
Tnfrsf13b,Th2
Tnip2,Th2
Tpbg,Th2
Traf6,Th2
Trappc13,Th2
Trim37,Th2
Trim9,Th2
Tspan6,Th2
Txlna,Th2
Ube2q2,Th2
Uchl5,Th2
Usp46,Th2
Usp49,Th2
Vmp1,Th2
Wdfy4,Th2
Wdhd1,Th2
Wdr75,Th2
Xrcc2,Th2
Zbtb18,Th2
Zc3h12d,Th2
Zfp101,Th2
Zfp667,Th2
Zfp9,Th2
Zik1,Th2
Zwilch,Th2
Zwint,Th2
4930453N24Rik,Th17
6430571L13Rik,Th17
Abhd14b,Th17
Acat3,Th17
Acot11,Th17
Adamtsl3,Th17
Adamtsl4,Th17
Adc,Th17
Adk,Th17
AI467606,Th17
AI854703,Th17
Ak2,Th17
Akr1c12,Th17
Akr1c13,Th17
Arl6ip5,Th17
Atf5,Th17
Atp1b3,Th17
Atp2a3,Th17
AW549877,Th17
B3galt5,Th17
Batf,Th17
Bbs9,Th17
Bcam,Th17
Bmp7,Th17
Cacna1c,Th17
Calcrl,Th17
Cnr2,Th17
Col6a2,Th17
Coro7,Th17
Cpeb1,Th17
Cst7,Th17
Ctage5,Th17
Ctse,Th17
Cyp4f16,Th17
Dok2,Th17
Ecm1,Th17
Emilin1,Th17
Eml1,Th17
Epas1,Th17
Epha2,Th17
Fam46a,Th17
Fbxo17,Th17
Fbxo27,Th17
Fcgrt,Th17
Focad,Th17
Gata3,Th17
Glipr2,Th17
Gm5127,Th17
Gm973,Th17
Gna15,Th17
Gpm6b,Th17
Hc,Th17
Hpgds,Th17
Hs1bp3,Th17
Hunk,Th17
Icosl,Th17
Ifi30,Th17
Il4,Th17
Il4ra,Th17
Itga7,Th17
Itgb3,Th17
Klk8,Th17
Kremen2,Th17
Krt18,Th17
Lgmn,Th17
Lhfp,Th17
Limd1,Th17
Lpcat4,Th17
Lrrc33,Th17
Man2b1,Th17
Map2,Th17
Mapre2,Th17
Mboat1,Th17
Mctp1,Th17
Micall2,Th17
mt-Cytb,Th17
mt-Nd1,Th17
mt-Rnr1,Th17
mt-Rnr2,Th17
mt-Tp,Th17
Mta2,Th17
Myo6,Th17
Nfil3,Th17
Nfx1,Th17
Oit3,Th17
P2rx7,Th17
Paxbp1,Th17
Phldb1,Th17
Plin3,Th17
Plxna1,Th17
Pmm2,Th17
Ppp2r3a,Th17
Ppp2r5a,Th17
Ppp3cc,Th17
Prkcz,Th17
Pros1,Th17
Ptgir,Th17
Rab19,Th17
Rab3a,Th17
Rap1b,Th17
Rapsn,Th17
Rasgrp4,Th17
Rnf19b,Th17
Rpl30,Th17
Sema4f,Th17
Sepp1,Th17
Sft2d2,Th17
Sgsh,Th17
Slc35c2,Th17
Slc37a3,Th17
Slc39a6,Th17
Slc41a2,Th17
Slc4a4,Th17
Slc4a7,Th17
Slc9a6,Th17
Slco4a1,Th17
Slfn2,Th17
Snora20,Th17
St8sia4,Th17
Sv2c,Th17
Tanc2,Th17
Tep1,Th17
Tmem41b,Th17
Tnfsf13b,Th17
Trat1,Th17
Ubl3,Th17
Unc80,Th17
Wdfy2,Th17
Wfikkn2,Th17
Wtap,Th17
Xpc,Th17
Zfp280b,Th17
Abl1,Proliferation
Adk,Proliferation
Ager,Proliferation
Aif1,Proliferation
Anxa1,Proliferation
Arg1,Proliferation
Arg2,Proliferation
Armc5,Proliferation
Bax,Proliferation
Blm,Proliferation
Bmi1,Proliferation
Bmp4,Proliferation
Btla,Proliferation
Btn1a1,Proliferation
Btn2a2,Proliferation
Btnl2,Proliferation
Card11,Proliferation
Carmil2,Proliferation
Casp3,Proliferation
Cblb,Proliferation
Ccdc88b,Proliferation
Ccl5,Proliferation
Ccl19,Proliferation
Ccnd3,Proliferation
Ccr2,Proliferation
Ccr7,Proliferation
Cd1d1,Proliferation
Cd3e,Proliferation
Cd4,Proliferation
Cd6,Proliferation
Cd24a,Proliferation
Cd28,Proliferation
Cd40lg,Proliferation
Cd44,Proliferation
Cd46,Proliferation
Cd55,Proliferation
Cd55b,Proliferation
Cd59a,Proliferation
Cd59b,Proliferation
Cd80,Proliferation
Cd81,Proliferation
Cd86,Proliferation
Cd151,Proliferation
Cd209a,Proliferation
Cd244a,Proliferation
Cd274,Proliferation
Cd276,Proliferation
Cdkn2a,Proliferation
Ceacam1,Proliferation
Cebpb,Proliferation
Clec2i,Proliferation
Clec4g,Proliferation
Coro1a,Proliferation
Crip3,Proliferation
Crtam,Proliferation
Ctla4,Proliferation
Ctnnb1,Proliferation
Ctps,Proliferation
Cxcl12,Proliferation
Cxcr4,Proliferation
Dhps,Proliferation
Dlg1,Proliferation
Dlg5,Proliferation
Dnaja3,Proliferation
Dock2,Proliferation
Dock8,Proliferation
Ebi3,Proliferation
Efnb1,Proliferation
Elf4,Proliferation
Ephb6,Proliferation
Epo,Proliferation
Erbb2,Proliferation
Fadd,Proliferation
Fkbp1a,Proliferation
Fkbp1b,Proliferation
Foxj1,Proliferation
Foxp3,Proliferation
Fyn,Proliferation
Gja1,Proliferation
Glmn,Proliferation
Gnrh1,Proliferation
Gpam,Proliferation
Gpnmb,Proliferation
H2-Aa,Proliferation
H2-Ab1,Proliferation
H2-DMb1,Proliferation
H2-DMb2,Proliferation
Havcr2,Proliferation
Hes1,Proliferation
Hmgb1,Proliferation
Icosl,Proliferation
Ido1,Proliferation
Ifng,Proliferation
Igf1,Proliferation
Igf2,Proliferation
Igfbp2,Proliferation
Ihh,Proliferation
Il1a,Proliferation
Il1b,Proliferation
Il2,Proliferation
Il2ra,Proliferation
Il4,Proliferation
Il4i1,Proliferation
Il4i1b,Proliferation
Il6,Proliferation
Il6st,Proliferation
Il12a,Proliferation
Il12b,Proliferation
Il12rb1,Proliferation
Il15,Proliferation
Il18,Proliferation
Il20rb,Proliferation
Il21,Proliferation
Il23a,Proliferation
Il27,Proliferation
Il27ra,Proliferation
Irf1,Proliferation
Itch,Proliferation
Itgad,Proliferation
Itgal,Proliferation
Itgam,Proliferation
Itgax,Proliferation
Itgb2,Proliferation
Jak3,Proliferation
Laptm5,Proliferation
Lep,Proliferation
Lgals3,Proliferation
Lgals7,Proliferation
Lgals9,Proliferation
Lilrb4a,Proliferation
Lilrb4b,Proliferation
Lmbr1l,Proliferation
Lmo1,Proliferation
Lrrc32,Proliferation
Mad1l1,Proliferation
Malt1,Proliferation
Mapk8ip1,Proliferation
Marchf7,Proliferation
Msn,Proliferation
Nck1,Proliferation
Nck2,Proliferation
Nckap1l,Proliferation
Ncstn,Proliferation
Ndfip1,Proliferation
P2rx7,Proliferation
Pawr,Proliferation
Pdcd1lg2,Proliferation
Pde5a,Proliferation
Peli1,Proliferation
Pla2g2a,Proliferation
Pla2g2d,Proliferation
Pla2g2f,Proliferation
Pnp,Proliferation
Prdx2,Proliferation
Prkar1a,Proliferation
Prkcq,Proliferation
Prnp,Proliferation
Psmb10,Proliferation
Ptpn6,Proliferation
Ptpn22,Proliferation
Ptprc,Proliferation
Pycard,Proliferation
Rac2,Proliferation
Rasal3,Proliferation
Rasgrp1,Proliferation
Rc3h1,Proliferation
Rc3h2,Proliferation
Ripk2,Proliferation
Ripk3,Proliferation
Ripor2,Proliferation
Rps3,Proliferation
Rps6,Proliferation
Sash3,Proliferation
Satb1,Proliferation
Scgb1a1,Proliferation
Scrib,Proliferation
Sdc4,Proliferation
Selenok,Proliferation
Sftpd,Proliferation
Sh3rf1,Proliferation
Shh,Proliferation
Slamf1,Proliferation
Slc4a1,Proliferation
Slc7a1,Proliferation
Slc11a1,Proliferation
Slfn1,Proliferation
Sos1,Proliferation
Sos2,Proliferation
Spn,Proliferation
Spta1,Proliferation
Stat5a,Proliferation
Stat5b,Proliferation
Syk,Proliferation
Tarm1,Proliferation
Tfrc,Proliferation
Tgfb1,Proliferation
Tgfbr2,Proliferation
Tmem131l,Proliferation
Tnfrsf1b,Proliferation
Tnfrsf4,Proliferation
Tnfrsf13c,Proliferation
Tnfrsf14,Proliferation
Tnfrsf21,Proliferation
Tnfsf4,Proliferation
Tnfsf9,Proliferation
Tnfsf13b,Proliferation
Tnfsf18,Proliferation
Traf6,Proliferation
Trp53,Proliferation
Twsg1,Proliferation
Vcam1,Proliferation
Vsig4,Proliferation
Vsir,Proliferation
Vtcn1,Proliferation
Washc1,Proliferation
Wnt4,Proliferation
Xcl1,Proliferation
Zap70,Proliferation
Zbtb7b,Proliferation
Zbtb32,Proliferation
Zc3h12d,Proliferation
Znhit1,Proliferation
Zp3,Proliferation
Anxa1,Differentiation
Atp7a,Differentiation
Batf,Differentiation
Bcl3,Differentiation
Bcl6,Differentiation
Ccl19,Differentiation
Ccl20,Differentiation
Ccr2,Differentiation
Ccr6,Differentiation
Ccr7,Differentiation
Cracr2a,Differentiation
Entpd7,Differentiation
Foxp1,Differentiation
Foxp3,Differentiation
Gadd45g,Differentiation
Gata3,Differentiation
Gpr183,Differentiation
Hlx,Differentiation
Hmgb1,Differentiation
Il2,Differentiation
Il4,Differentiation
Il4ra,Differentiation
Il6,Differentiation
Il6ra,Differentiation
Il12b,Differentiation
Il18,Differentiation
Il18r1,Differentiation
Il21,Differentiation
Il23a,Differentiation
Il27,Differentiation
Irf1,Differentiation
Irf4,Differentiation
Jak3,Differentiation
Lef1,Differentiation
Loxl3,Differentiation
Ly9,Differentiation
Malt1,Differentiation
Mir301,Differentiation
Mir326,Differentiation
Mir873a,Differentiation
Mtor,Differentiation
Myb,Differentiation
Nfkbid,Differentiation
Nfkbiz,Differentiation
Nlrp3,Differentiation
Otud5,Differentiation
Prkcz,Differentiation
Ptger4,Differentiation
Rara,Differentiation
Rc3h1,Differentiation
Rc3h2,Differentiation
Relb,Differentiation
Ripk2,Differentiation
Rora,Differentiation
Rorc,Differentiation
Sema4a,Differentiation
Shb,Differentiation
Slamf6,Differentiation
Smad7,Differentiation
Socs5,Differentiation
Spn,Differentiation
Stat3,Differentiation
Stat6,Differentiation
Tbx21,Differentiation
Tgfb1,Differentiation
Tmem98,Differentiation
Tnfsf4,Differentiation
Tnfsf18,Differentiation
Zbtb7b,Differentiation
Zc3h12a,Differentiation
Zfp35,Differentiation
Adam19,IL2_signal
Ager,IL2_signal
Ahcy,IL2_signal
Ahnak,IL2_signal
Ahr,IL2_signal
Alcam,IL2_signal
Amacr,IL2_signal
Anxa4,IL2_signal
Aplp1,IL2_signal
Arl4A,IL2_signal
Batf,IL2_signal
Batf3,IL2_signal
Bcl2,IL2_signal
Bcl2L1,IL2_signal
Bhlhe40,IL2_signal
Bmp2,IL2_signal
Bmpr2,IL2_signal
Ca2,IL2_signal
Capg,IL2_signal
Capn3,IL2_signal
Casp3,IL2_signal
Ccnd2,IL2_signal
Ccnd3,IL2_signal
Ccne1,IL2_signal
Ccr4,IL2_signal
Cd44,IL2_signal
Cd48,IL2_signal
Cd79B,IL2_signal
Cd81,IL2_signal
Cd83,IL2_signal
Cd86,IL2_signal
Cdc42Se2,IL2_signal
Cdc6,IL2_signal
Cdcp1,IL2_signal
Cdkn1C,IL2_signal
Cish,IL2_signal
Ckap4,IL2_signal
Coch,IL2_signal
Col6A1,IL2_signal
Csf1,IL2_signal
Csf2,IL2_signal
Cst7,IL2_signal
Ctla4,IL2_signal
Ctsz,IL2_signal
Cxcl10,IL2_signal
Cyfip1,IL2_signal
Dcps,IL2_signal
Dennd5A,IL2_signal
Dhrs3,IL2_signal
Drc1,IL2_signal
Ecm1,IL2_signal
Eef1Akmt1,IL2_signal
Emp1,IL2_signal
Eno3,IL2_signal
Enpp1,IL2_signal
Eomes,IL2_signal
Etfbkmt,IL2_signal
Etv4,IL2_signal
F2Rl2,IL2_signal
Fah,IL2_signal
Fam126B,IL2_signal
Fgl2,IL2_signal
Flt3Lg,IL2_signal
Furin,IL2_signal
Gabarapl1,IL2_signal
Gadd45B,IL2_signal
Galm,IL2_signal
Gata1,IL2_signal
Gbp4,IL2_signal
Glipr2,IL2_signal
Gpr65,IL2_signal
Gpr83,IL2_signal
Gpx4,IL2_signal
Gsto1,IL2_signal
Gucy1B1,IL2_signal
Hipk2,IL2_signal
Hk2,IL2_signal
Hopx,IL2_signal
Huwe1,IL2_signal
Icos,IL2_signal
Ifitm3,IL2_signal
Ifngr1,IL2_signal
Igf1R,IL2_signal
Igf2R,IL2_signal
Ikzf2,IL2_signal
Ikzf4,IL2_signal
Il10,IL2_signal
Il10Ra,IL2_signal
Il13,IL2_signal
Il18R1,IL2_signal
Il1R2,IL2_signal
Il1Rl1,IL2_signal
Il2Ra,IL2_signal
Il2Rb,IL2_signal
Il3Ra,IL2_signal
Il4R,IL2_signal
Irf4,IL2_signal
Irf6,IL2_signal
Irf8,IL2_signal
Itga6,IL2_signal
Itgae,IL2_signal
Itgav,IL2_signal
Itih5,IL2_signal
Klf6,IL2_signal
Lclat1,IL2_signal
Lif,IL2_signal
Lrig1,IL2_signal
Lrrc8C,IL2_signal
Ltb,IL2_signal
Maff,IL2_signal
Map3K8,IL2_signal
Map6,IL2_signal
Mapkapk2,IL2_signal
Muc1,IL2_signal
Mxd1,IL2_signal
Myc,IL2_signal
Myo1C,IL2_signal
Myo1E,IL2_signal
Ncoa3,IL2_signal
Ncs1,IL2_signal
Ndrg1,IL2_signal
Nfil3,IL2_signal
Nfkbiz,IL2_signal
Nop2,IL2_signal
Nrp1,IL2_signal
Nt5E,IL2_signal
Odc1,IL2_signal
P2Rx4,IL2_signal
P4Ha1,IL2_signal
Pdcd2L,IL2_signal
Penk,IL2_signal
Phlda1,IL2_signal
Phtf2,IL2_signal
Pim1,IL2_signal
Plagl1,IL2_signal
Plec,IL2_signal
Plin2,IL2_signal
Plpp1,IL2_signal
Plscr1,IL2_signal
Pnp,IL2_signal
Pou2F1,IL2_signal
Praf2,IL2_signal
Prkch,IL2_signal
Prnp,IL2_signal
Ptch1,IL2_signal
Ptger2,IL2_signal
Pth1R,IL2_signal
Ptrh2,IL2_signal
Pus1,IL2_signal
Rabgap1L,IL2_signal
Rgs16,IL2_signal
Rhob,IL2_signal
Rhoh,IL2_signal
Rnh1,IL2_signal
Rora,IL2_signal
Rragd,IL2_signal
S100A1,IL2_signal
Scn9A,IL2_signal
Sell,IL2_signal
Selp,IL2_signal
Serpinb6,IL2_signal
Serpinc1,IL2_signal
Sh3Bgrl2,IL2_signal
She,IL2_signal
Slc1A5,IL2_signal
Slc29A2,IL2_signal
Slc2A3,IL2_signal
Slc39A8,IL2_signal
Smpdl3A,IL2_signal
Snx14,IL2_signal
Snx9,IL2_signal
Socs1,IL2_signal
Socs2,IL2_signal
Spp1,IL2_signal
Spred2,IL2_signal
Spry4,IL2_signal
St3Gal4,IL2_signal
Swap70,IL2_signal
Syngr2,IL2_signal
Syt11,IL2_signal
Tgm2,IL2_signal
Tiam1,IL2_signal
Tlr7,IL2_signal
Tnfrsf18,IL2_signal
Tnfrsf1B,IL2_signal
Tnfrsf21,IL2_signal
Tnfrsf4,IL2_signal
Tnfrsf8,IL2_signal
Tnfrsf9,IL2_signal
Tnfsf10,IL2_signal
Tnfsf11,IL2_signal
Traf1,IL2_signal
Ttc39B,IL2_signal
Twsg1,IL2_signal
Uck2,IL2_signal
Umps,IL2_signal
Wls,IL2_signal
Xbp1,IL2_signal
Abl1,Activation
Abl2,Activation
Ada,Activation
Adam8,Activation
Adam17,Activation
Adk,Activation
Adora2a,Activation
Adrm1,Activation
Ager,Activation
Aif1,Activation
Aire,Activation
Ambra1,Activation
Ankle1,Activation
Anxa1,Activation
Ap3b1,Activation
Ap3d1,Activation
Apbb1ip,Activation
Apc,Activation
Arg1,Activation
Arg2,Activation
Armc5,Activation
Atf2,Activation
Atg5,Activation
Atp7a,Activation
Azi2,Activation
B2m,Activation
Bad,Activation
Batf,Activation
Bax,Activation
Bcl2,Activation
Bcl2a1d,Activation
Bcl3,Activation
Bcl6,Activation
Bcl10,Activation
Bcl11a,Activation
Bcl11b,Activation
Blm,Activation
Bmi1,Activation
Bmp4,Activation
Braf,Activation
Btla,Activation
Btn1a1,Activation
Btn2a2,Activation
Btnl1,Activation
Btnl2,Activation
Btnl6,Activation
Cacnb4,Activation
Card11,Activation
Carmil2,Activation
Casp3,Activation
Cav1,Activation
Cbfb,Activation
Cblb,Activation
Ccdc88b,Activation
Ccl2,Activation
Ccl5,Activation
Ccl19,Activation
Ccl20,Activation
Ccl21a,Activation
Ccl21b,Activation
Ccl21c,Activation
Ccnd3,Activation
Ccr2,Activation
Ccr6,Activation
Ccr7,Activation
Ccr9,Activation
Cd1d1,Activation
Cd1d2,Activation
Cd2,Activation
Cd3d,Activation
Cd3e,Activation
Cd3g,Activation
Cd4,Activation
Cd5,Activation
Cd6,Activation
Cd8a,Activation
Cd24a,Activation
Cd27,Activation
Cd28,Activation
Cd40lg,Activation
Cd44,Activation
Cd46,Activation
Cd47,Activation
Cd48,Activation
Cd55,Activation
Cd55b,Activation
Cd59a,Activation
Cd59b,Activation
Cd74,Activation
Cd80,Activation
Cd81,Activation
Cd83,Activation
Cd84,Activation
Cd86,Activation
Cd151,Activation
Cd160,Activation
Cd209a,Activation
Cd244a,Activation
Cd274,Activation
Cd276,Activation
Cd300a,Activation
Cdh26,Activation
Cdk6,Activation
Cdkn2a,Activation
Ceacam1,Activation
Cebpb,Activation
Cgas,Activation
Chd7,Activation
Chrna7,Activation
Clec2i,Activation
Clec4a1,Activation
Clec4a2,Activation
Clec4a3,Activation
Clec4a4,Activation
Clec4b1,Activation
Clec4d,Activation
Clec4e,Activation
Clec4f,Activation
Clec4g,Activation
Clptm1,Activation
Coro1a,Activation
Cracr2a,Activation
Crip3,Activation
Crtam,Activation
Csk,Activation
Ctla2a,Activation
Ctla4,Activation
Ctnnb1,Activation
Ctps,Activation
Ctsg,Activation
Ctsl,Activation
Cxadr,Activation
Cxcl12,Activation
Cxcr4,Activation
Cyld,Activation
Cyp26b1,Activation
Cyrib,Activation
Ddost,Activation
Dhps,Activation
Dicer1,Activation
Dlg1,Activation
Dlg5,Activation
Dll4,Activation
Dnaja3,Activation
Dock2,Activation
Dock8,Activation
Dpp4,Activation
Drosha,Activation
Dtx1,Activation
Dusp3,Activation
Dusp10,Activation
Dusp22,Activation
Duxbl1,Activation
Ebi3,Activation
Efnb1,Activation
Efnb2,Activation
Efnb3,Activation
Egr1,Activation
Egr3,Activation
Eif2ak4,Activation
Elf4,Activation
Enpp1,Activation
Entpd7,Activation
Eomes,Activation
Ephb4,Activation
Ephb6,Activation
Epo,Activation
Erbb2,Activation
F2rl1,Activation
Fadd,Activation
Fanca,Activation
Fancd2,Activation
Fas,Activation
Fcer1g,Activation
Fcho1,Activation
Fgl1,Activation
Fgl2,Activation
Fkbp1a,Activation
Fkbp1b,Activation
Flot2,Activation
Flt3,Activation
Foxj1,Activation
Foxn1,Activation
Foxo3,Activation
Foxp1,Activation
Foxp3,Activation
Fut7,Activation
Fyn,Activation
Fzd5,Activation
Fzd7,Activation
Fzd8,Activation
Gadd45g,Activation
Gata3,Activation
Gba,Activation
Gimap1,Activation
Gimap3,Activation
Gimap5,Activation
Gja1,Activation
Gli3,Activation
Glmn,Activation
Gm5150,Activation
Gm9733,Activation
Gm13271,Activation
Gm13272,Activation
Gm13275,Activation
Gm13276,Activation
Gm13277,Activation
Gm13283,Activation
Gnrh1,Activation
Gpam,Activation
Gpnmb,Activation
Gpr18,Activation
Gpr89,Activation
Gpr183,Activation
Gsn,Activation
H2-Aa,Activation
H2-Ab1,Activation
H2-DMa,Activation
H2-DMb1,Activation
H2-DMb2,Activation
H2-Eb1,Activation
H2-Eb2,Activation
H2-M3,Activation
H2-Oa,Activation
H2-Ob,Activation
Havcr2,Activation
Hes1,Activation
Hfe,Activation
Hlx,Activation
Hmgb1,Activation
Hs1bp3,Activation
Hsh2d,Activation
Hsp90aa1,Activation
Hspb1,Activation
Hspd1,Activation
Hsph1,Activation
Icam1,Activation
Icos,Activation
Icosl,Activation
Ido1,Activation
Ifna1,Activation
Ifna2,Activation
Ifna4,Activation
Ifna5,Activation
Ifna6,Activation
Ifna7,Activation
Ifna9,Activation
Ifna11,Activation
Ifna12,Activation
Ifna13,Activation
Ifna14,Activation
Ifna15,Activation
Ifna16,Activation
Ifnab,Activation
Ifnar1,Activation
Ifnb1,Activation
Ifne,Activation
Ifng,Activation
Ifnk,Activation
Ifnz,Activation
Igf1,Activation
Igf2,Activation
Igfbp2,Activation
Ihh,Activation
Ikzf1,Activation
Il1a,Activation
Il1b,Activation
Il1rl2,Activation
Il2,Activation
Il2ra,Activation
Il2rg,Activation
Il4,Activation
Il4i1,Activation
Il4i1b,Activation
Il4ra,Activation
Il6,Activation
Il6ra,Activation
Il6st,Activation
Il7,Activation
Il7r,Activation
Il12a,Activation
Il12b,Activation
Il12rb1,Activation
Il12rb2,Activation
Il15,Activation
Il18,Activation
Il18r1,Activation
Il20rb,Activation
Il21,Activation
Il23a,Activation
Il23r,Activation
Il27,Activation
Il27ra,Activation
Il36b,Activation
Ildr2,Activation
Irf1,Activation
Irf4,Activation
Israa,Activation
Itch,Activation
Itgad,Activation
Itgal,Activation
Itgam,Activation
Itgav,Activation
Itgax,Activation
Itgb2,Activation
Itk,Activation
Itpkb,Activation
Jag2,Activation
Jak2,Activation
Jak3,Activation
Jaml,Activation
Jmjd6,Activation
Kat2a,Activation
Kdelr1,Activation
Kit,Activation
Lag3,Activation
Laptm5,Activation
Lat,Activation
Lax1,Activation
Lck,Activation
Lcp1,Activation
Lef1,Activation
Lep,Activation
Lepr,Activation
Lfng,Activation
Lgals1,Activation
Lgals3,Activation
Lgals7,Activation
Lgals8,Activation
Lgals9,Activation
Lig4,Activation
Lilrb4a,Activation
Lilrb4b,Activation
Lmbr1l,Activation
Lmo1,Activation
Loxl3,Activation
Lrrc32,Activation
Ly9,Activation
Mad1l1,Activation
Mafb,Activation
Malt1,Activation
Mapk8ip1,Activation
Marchf7,Activation
Mdk,Activation
Mettl3,Activation
Mink1,Activation
Mir301,Activation
Mir326,Activation
Mir873a,Activation
Mpzl2,Activation
Mr1,Activation
Msn,Activation
Mtor,Activation
Myb,Activation
Myh9,Activation
Ncaph2,Activation
Nck1,Activation
Nck2,Activation
Nckap1l,Activation
Ncor1,Activation
Ncstn,Activation
Ndfip1,Activation
Nedd4,Activation
Nfatc3,Activation
Nfkbid,Activation
Nfkbiz,Activation
Nhej1,Activation
Nkap,Activation
Nkg7,Activation
Nkx2-3,Activation
Nlrc3,Activation
Nlrp3,Activation
Nrarp,Activation
Otud5,Activation
P2rx7,Activation
Pag1,Activation
Patz1,Activation
Pawr,Activation
Pax1,Activation
Pck1,Activation
Pdcd1lg2,Activation
Pde5a,Activation
Peli1,Activation
Pik3r6,Activation
Pknox1,Activation
Pla2g2a,Activation
Pla2g2d,Activation
Pla2g2f,Activation
Pnp,Activation
Ppp3cb,Activation
Prdm1,Activation
Prdx2,Activation
Prelid1,Activation
Prex1,Activation
Prkar1a,Activation
Prkcq,Activation
Prkcz,Activation
Prkdc,Activation
Prnp,Activation
Prr7,Activation
Psap,Activation
Psen1,Activation
Psen2,Activation
Psmb10,Activation
Psmb11,Activation
Ptger4,Activation
Ptpn2,Activation
Ptpn6,Activation
Ptpn22,Activation
Ptprc,Activation
Pycard,Activation
Rab27a,Activation
Rab29,Activation
Rabl3,Activation
Rac2,Activation
Rag1,Activation
Rag2,Activation
Rara,Activation
Rasal3,Activation
Rasgrp1,Activation
Rc3h1,Activation
Rc3h2,Activation
Relb,Activation
Rhoa,Activation
Rhoh,Activation
Ripk2,Activation
Ripk3,Activation
Ripor2,Activation
Rora,Activation
Rorc,Activation
Rpl22,Activation
Rps3,Activation
Rps6,Activation
Rsad2,Activation
Runx1,Activation
Runx2,Activation
Runx3,Activation
Sart1,Activation
Sash3,Activation
Satb1,Activation
Scart2,Activation
Scgb1a1,Activation
Scrib,Activation
Sdc4,Activation
Selenok,Activation
Sema4a,Activation
Sftpd,Activation
Sh2b3,Activation
Sh3rf1,Activation
Shb,Activation
Shh,Activation
Sirpa,Activation
Sirpb1a,Activation
Sirpb1b,Activation
Sirpb1c,Activation
Sit1,Activation
Skint1,Activation
Skint2,Activation
Sla2,Activation
Slamf1,Activation
Slamf6,Activation
Slamf7,Activation
Slamf9,Activation
Slc4a1,Activation
Slc7a1,Activation
Slc11a1,Activation
Slc46a2,Activation
Slfn1,Activation
Smad3,Activation
Smad7,Activation
Socs1,Activation
Socs5,Activation
Socs6,Activation
Sos1,Activation
Sos2,Activation
Sox4,Activation
Sox12,Activation
Sox13,Activation
Sp3,Activation
Spi1,Activation
Spn,Activation
Spta1,Activation
Srf,Activation
Stat3,Activation
Stat5a,Activation
Stat5b,Activation
Stat6,Activation
Stk11,Activation
Stoml2,Activation
Stx11,Activation
Syk,Activation
Tarm1,Activation
Tbx21,Activation
Tcf3,Activation
Tcf7,Activation
Tcirg1,Activation
Tcra,Activation
Tcra-V3.1,Activation
Tcrb,Activation
Tespa1,Activation
Tfrc,Activation
Tgfb1,Activation
Tgfbr2,Activation
Themis,Activation
Thy1,Activation
Tigit,Activation
Tmem98,Activation
Tmem131l,Activation
Tnfaip8l2,Activation
Tnfrsf1b,Activation
Tnfrsf4,Activation
Tnfrsf13c,Activation
Tnfrsf14,Activation
Tnfrsf21,Activation
Tnfsf4,Activation
Tnfsf8,Activation
Tnfsf9,Activation
Tnfsf11,Activation
Tnfsf13b,Activation
Tnfsf14,Activation
Tnfsf18,Activation
Tox,Activation
Traf3ip2,Activation
Traf6,Activation
Traj18,Activation
Treml2,Activation
Trex1,Activation
Trp53,Activation
Tsc1,Activation
Twsg1,Activation
Txk,Activation
Tyk2,Activation
Vav1,Activation
Vcam1,Activation
Vnn1,Activation
Vsig4,Activation
Vsir,Activation
Vtcn1,Activation
Was,Activation
Washc1,Activation
Wdfy4,Activation
Wnt1,Activation
Wnt4,Activation
Wwp1,Activation
Xbp1,Activation
Xcl1,Activation
Xrcc4,Activation
Zap70,Activation
Zbtb1,Activation
Zbtb7b,Activation
Zbtb16,Activation
Zbtb32,Activation
Zc3h8,Activation
Zc3h12a,Activation
Zc3h12d,Activation
Zeb1,Activation
Zfp35,Activation
Zfp36l1,Activation
Zfp36l2,Activation
Zfp608,Activation
Zfp609,Activation
Zfp683,Activation
Zmiz1,Activation
Znhit1,Activation
Zp3,Activation
